timestep,row_heterogeneity,row_entropy,dobrushin,date
0,0.028933895751833916,3.771139,0.10368059,2020-03-26
1,0.03343254700303078,3.8990448,0.12011831,2020-03-27
2,0.028600960969924927,3.8041744,0.13144009,2020-03-30
3,0.04345452040433884,3.940718,0.17306635,2020-03-31
4,0.03299085423350334,3.7403746,0.14494865,2020-04-01
5,0.02674752101302147,3.803751,0.11020675,2020-04-02
6,0.04428449273109436,3.6188881,0.14557633,2020-04-03
7,0.04173898696899414,3.79611,0.16465282,2020-04-06
8,0.034564848989248276,3.829078,0.11296732,2020-04-07
9,0.057203009724617004,3.9383693,0.21547666,2020-04-08
10,0.045154836028814316,3.8978393,0.17615744,2020-04-09
11,0.05019338056445122,3.97399,0.18143451,2020-04-13
12,0.032431963831186295,3.8138797,0.12768525,2020-04-14
13,0.051264114677906036,3.6659958,0.1902372,2020-04-15
14,0.03309321030974388,3.755107,0.12364618,2020-04-16
15,0.04640788957476616,3.9093287,0.18871392,2020-04-17
16,0.04495448246598244,3.9906585,0.15037447,2020-04-20
17,0.036021579056978226,3.8016233,0.1559949,2020-04-21
18,0.04274679347872734,3.9789429,0.16513081,2020-04-22
19,0.04175655171275139,3.8368218,0.17093743,2020-04-23
20,0.06139850988984108,3.9822838,0.23243836,2020-04-24
21,0.02759113721549511,3.817176,0.10278912,2020-04-27
22,0.04851559177041054,3.995809,0.20052075,2020-04-28
23,0.01845650002360344,3.8113708,0.073694766,2020-04-29
24,0.03714891895651817,3.8764815,0.12904528,2020-04-30
25,0.04916805773973465,3.8990173,0.19655968,2020-05-01
26,0.03186972439289093,3.858255,0.13352786,2020-05-04
27,0.05135713890194893,3.9758334,0.17491974,2020-05-05
28,0.05233944579958916,3.995197,0.21849272,2020-05-06
29,0.052611496299505234,3.9902787,0.21743074,2020-05-07
30,0.056865088641643524,3.9875753,0.21006337,2020-05-08
31,0.05294281989336014,3.973321,0.19692501,2020-05-11
32,0.031153975054621696,3.7964172,0.12112653,2020-05-12
33,0.05178992450237274,3.5082912,0.19352877,2020-05-13
34,0.051353443413972855,3.2412007,0.1868542,2020-05-14
35,0.050705719739198685,3.881047,0.19475585,2020-05-15
36,0.05069993808865547,3.9671426,0.21202222,2020-05-18
37,0.038891762495040894,3.967547,0.14377306,2020-05-19
38,0.050044529139995575,3.9385457,0.21289858,2020-05-20
39,0.050134867429733276,3.8892431,0.18086782,2020-05-21
40,0.05290393903851509,3.9233735,0.20529453,2020-05-22
41,0.06188730150461197,3.9548516,0.22208813,2020-05-26
42,0.053426917642354965,3.9584637,0.18998851,2020-05-27
43,0.03684503212571144,3.7862058,0.122461036,2020-05-28
44,0.036661893129348755,3.7085414,0.15287298,2020-05-29
45,0.03543173894286156,3.8099482,0.1319608,2020-06-01
46,0.06578289717435837,3.9533398,0.25160882,2020-06-02
47,0.060406047850847244,3.962691,0.24674526,2020-06-03
48,0.0686461478471756,3.9807813,0.22184087,2020-06-04
49,0.05841141566634178,3.9903617,0.2276388,2020-06-05
50,0.06521742045879364,3.9909651,0.22736433,2020-06-08
51,0.043820012360811234,3.8877397,0.15156148,2020-06-09
52,0.060538068413734436,3.945609,0.24315266,2020-06-10
53,0.06030290946364403,3.9787514,0.2223425,2020-06-11
54,0.030379774048924446,3.896003,0.13349685,2020-06-12
55,0.04384242743253708,3.9355302,0.16533123,2020-06-15
56,0.06373628228902817,3.9825995,0.21096519,2020-06-16
57,0.05962858349084854,3.9884,0.23377976,2020-06-17
58,0.03368593007326126,3.8509305,0.13099073,2020-06-18
59,0.07681360840797424,3.977789,0.26639187,2020-06-19
60,0.05378226935863495,3.9838955,0.1927184,2020-06-22
61,0.0507647804915905,3.9359703,0.20866872,2020-06-23
62,0.0698980912566185,3.9730678,0.24001886,2020-06-24
63,0.06477098166942596,3.9704382,0.25391477,2020-06-25
64,0.07484354078769684,3.958048,0.25477582,2020-06-26
65,0.04890505224466324,3.9436562,0.19232154,2020-06-29
66,0.06695520132780075,3.9843917,0.23212214,2020-06-30
67,0.07288503646850586,3.9825573,0.27138716,2020-07-01
68,0.08185730129480362,3.9784038,0.29345337,2020-07-02
69,0.07256422936916351,3.9868667,0.26264012,2020-07-06
70,0.07888919860124588,3.9817657,0.269718,2020-07-07
71,0.0602540448307991,3.9854038,0.21869105,2020-07-08
72,0.06277409940958023,3.9776523,0.23175035,2020-07-09
73,0.05788569524884224,3.9752336,0.21485351,2020-07-10
74,0.050615932792425156,3.9139185,0.17181613,2020-07-13
75,0.05195707455277443,3.9488409,0.18284065,2020-07-14
76,0.0719279795885086,3.987191,0.26572037,2020-07-15
77,0.06148393452167511,3.9581888,0.20960069,2020-07-16
78,0.06663639843463898,3.9806082,0.23043625,2020-07-17
79,0.06968194991350174,3.9874382,0.25906467,2020-07-20
80,0.08851950615644455,3.9733033,0.2968122,2020-07-21
81,0.06337272375822067,3.9415941,0.20962194,2020-07-22
82,0.07273965328931808,3.977749,0.266295,2020-07-23
83,0.0709710493683815,3.9648936,0.23865025,2020-07-24
84,0.05739792436361313,3.9585235,0.2127517,2020-07-27
85,0.06068610027432442,3.971571,0.2408011,2020-07-28
86,0.06691884249448776,3.9814289,0.24313766,2020-07-29
87,0.050284214317798615,3.8935103,0.16973062,2020-07-30
88,0.06180121377110481,3.9773166,0.2409701,2020-07-31
89,0.05301039293408394,3.94843,0.19297308,2020-08-03
90,0.07975894212722778,3.980008,0.2675508,2020-08-04
91,0.06875897943973541,3.9880035,0.25303558,2020-08-05
92,0.04838332533836365,3.945303,0.18287429,2020-08-06
93,0.04887719824910164,3.9276268,0.19131485,2020-08-07
94,0.05781175568699837,3.9562464,0.21381633,2020-08-10
95,0.07404070347547531,3.950022,0.25440928,2020-08-11
96,0.07241000235080719,3.9830277,0.24554117,2020-08-12
97,0.0647348016500473,3.9623137,0.24748175,2020-08-13
98,0.06487488746643066,3.988624,0.23873724,2020-08-14
99,0.07131155580282211,3.990426,0.2757965,2020-08-17
100,0.06339496374130249,3.9822881,0.23366651,2020-08-18
101,0.069859080016613,3.98916,0.2728035,2020-08-19
102,0.0546407476067543,3.9389431,0.19771707,2020-08-20
103,0.05262850970029831,3.896252,0.20323314,2020-08-21
104,0.08548715710639954,3.9742131,0.289445,2020-08-24
105,0.08408280462026596,3.9770145,0.28026006,2020-08-25
106,0.05788169801235199,3.9058385,0.2229129,2020-08-26
107,0.06861188262701035,3.9893372,0.25204968,2020-08-27
108,0.054743699729442596,3.9712553,0.20062058,2020-08-28
109,0.058936893939971924,3.9939358,0.23021977,2020-08-31
110,0.06541575491428375,3.9864373,0.24971855,2020-09-01
111,0.06572463363409042,3.9878054,0.2426175,2020-09-02
112,0.06150564178824425,3.9890828,0.2101331,2020-09-03
113,0.058589253574609756,3.9834716,0.22876233,2020-09-04
114,0.05636606365442276,3.987344,0.21864091,2020-09-08
115,0.060790978372097015,3.9840865,0.23691449,2020-09-09
116,0.06745356321334839,3.989353,0.25323555,2020-09-10
117,0.05852364003658295,3.9774544,0.2326146,2020-09-11
118,0.06361860781908035,3.9882658,0.2166025,2020-09-14
119,0.052285827696323395,3.985809,0.20131354,2020-09-15
120,0.042364560067653656,3.9123197,0.16353273,2020-09-16
121,0.05617711320519447,3.9298637,0.19483721,2020-09-17
122,0.05716003105044365,3.9587312,0.23179331,2020-09-18
123,0.05060884729027748,3.9335434,0.19580822,2020-09-21
124,0.06714282929897308,3.983187,0.2607981,2020-09-22
125,0.04903553053736687,3.92862,0.20460726,2020-09-23
126,0.05066563934087753,3.9654076,0.19681592,2020-09-24
127,0.06835441291332245,3.9820714,0.2690619,2020-09-25
128,0.039467357099056244,3.904768,0.15671776,2020-09-28
129,0.07469017803668976,3.944013,0.2530968,2020-09-29
130,0.04879407957196236,3.8393621,0.18258879,2020-09-30
131,0.040556248277425766,3.7266335,0.1461785,2020-10-01
132,0.04890434816479683,3.90504,0.19550157,2020-10-02
133,0.03973239287734032,3.9020693,0.17216045,2020-10-05
134,0.06133183836936951,3.9923007,0.23254578,2020-10-06
135,0.040389884263277054,3.8435764,0.17128132,2020-10-07
136,0.05377217382192612,3.963232,0.19470412,2020-10-08
137,0.04692975804209709,3.929977,0.18611802,2020-10-09
138,0.027232343330979347,3.943899,0.09541734,2020-10-12
139,0.03716083988547325,3.8755567,0.16100629,2020-10-13
140,0.0370788536965847,3.9714768,0.15217434,2020-10-14
141,0.06229585036635399,3.973238,0.22353142,2020-10-15
142,0.05397186800837517,3.887366,0.17636895,2020-10-16
143,0.023474054411053658,3.691582,0.09080988,2020-10-19
144,0.057586200535297394,3.9897542,0.23938458,2020-10-20
145,0.06337733566761017,3.9791715,0.22385444,2020-10-21
146,0.06440533697605133,3.9696484,0.23868679,2020-10-22
147,0.04957824572920799,3.8927014,0.16657716,2020-10-23
148,0.06262151151895523,3.9843857,0.21100496,2020-10-26
149,0.05537866801023483,3.9739017,0.21623436,2020-10-27
150,0.05519239231944084,3.9945533,0.21831414,2020-10-28
151,0.05987898260354996,3.964733,0.21640362,2020-10-29
152,0.061973005533218384,3.9127126,0.21223862,2020-10-30
153,0.0641116127371788,3.935497,0.214428,2020-11-02
154,0.05906009301543236,3.9434285,0.20236772,2020-11-03
155,0.051662880927324295,3.917543,0.17981447,2020-11-04
156,0.060532085597515106,3.9888878,0.2336197,2020-11-05
157,0.04424062743782997,3.8898227,0.15854958,2020-11-06
158,0.06832285225391388,3.9645588,0.239997,2020-11-09
159,0.0360383577644825,3.875157,0.11486207,2020-11-10
160,0.06987114250659943,3.989271,0.26549727,2020-11-11
161,0.0717955082654953,3.9873643,0.2533527,2020-11-12
162,0.07229354977607727,3.9727407,0.25683224,2020-11-13
163,0.06570827960968018,3.954381,0.21916656,2020-11-16
164,0.06068364530801773,3.9528751,0.20918506,2020-11-17
165,0.0640346109867096,3.9550252,0.22918923,2020-11-18
166,0.0667671412229538,3.9640572,0.24967554,2020-11-19
167,0.062020592391490936,3.9894936,0.22430627,2020-11-20
168,0.0630236342549324,3.9715624,0.22832866,2020-11-23
169,0.05278140679001808,3.9645317,0.18055011,2020-11-24
170,0.05215391516685486,3.9099698,0.17686905,2020-11-25
171,0.058001283556222916,3.9316597,0.2084704,2020-11-27
172,0.0610857829451561,3.953989,0.21287623,2020-11-30
173,0.05833960697054863,3.9213076,0.2227108,2020-12-01
174,0.06319519132375717,3.9647427,0.2120725,2020-12-02
175,0.06491799652576447,3.9905858,0.23603505,2020-12-03
176,0.06373974680900574,3.9794908,0.22339071,2020-12-04
177,0.05318509414792061,3.9684424,0.19007447,2020-12-07
178,0.05462513864040375,3.9865837,0.22394848,2020-12-08
179,0.051974985748529434,3.9930122,0.19010821,2020-12-09
180,0.05819886550307274,3.961192,0.2093971,2020-12-10
181,0.061627715826034546,3.9683027,0.22124216,2020-12-11
182,0.05706404522061348,3.988296,0.20373704,2020-12-14
183,0.05982096865773201,3.9670844,0.2050292,2020-12-15
184,0.060770146548748016,3.9495049,0.2207811,2020-12-16
185,0.0780523493885994,3.9744568,0.2676787,2020-12-17
186,0.07141995429992676,3.984779,0.2559206,2020-12-18
187,0.04168596491217613,3.8221567,0.14974794,2020-12-21
188,0.06580383330583572,3.906142,0.22465636,2020-12-22
189,0.06154102459549904,3.9885383,0.24115819,2020-12-23
190,0.05266592651605606,3.866957,0.17854816,2020-12-24
191,0.078182652592659,3.9757879,0.26511413,2020-12-28
192,0.06689949333667755,3.9472365,0.2407696,2020-12-29
193,0.06630273163318634,3.9711156,0.2612398,2020-12-30
194,0.06986500322818756,3.9473915,0.23951639,2020-12-31
195,0.05946379527449608,3.9757283,0.20991229,2021-01-04
196,0.045245833694934845,3.9267826,0.18794675,2021-01-05
197,0.05796431377530098,3.9883096,0.20324531,2021-01-06
198,0.03900683671236038,3.90062,0.13718216,2021-01-07
199,0.04789155349135399,3.9087853,0.15565315,2021-01-08
200,0.05832167714834213,3.970806,0.20841363,2021-01-11
201,0.06142909452319145,3.930677,0.21028519,2021-01-12
202,0.06439101696014404,3.950092,0.21825364,2021-01-13
203,0.05469952151179314,3.9011197,0.18901448,2021-01-14
204,0.057640817016363144,3.9621956,0.20186234,2021-01-15
205,0.051902808248996735,3.9507806,0.2127182,2021-01-19
206,0.04925921931862831,3.9353333,0.17411798,2021-01-20
207,0.05899367481470108,3.974212,0.21289116,2021-01-21
208,0.05248148366808891,3.939497,0.19434087,2021-01-22
209,0.057832758873701096,3.9819536,0.21320704,2021-01-25
210,0.060919035226106644,3.9649706,0.23469248,2021-01-26
211,0.06321012228727341,3.9903364,0.24831823,2021-01-27
212,0.042904723435640335,3.9206226,0.16513138,2021-01-28
213,0.06155897304415703,3.962614,0.20705724,2021-01-29
214,0.05853560194373131,3.9879525,0.23085661,2021-02-01
215,0.05330859497189522,3.9741006,0.1890934,2021-02-02
216,0.06401794403791428,3.990643,0.23366931,2021-02-03
217,0.06267839670181274,3.9647949,0.21994619,2021-02-04
218,0.05306211858987808,3.9268057,0.17821126,2021-02-05
219,0.061835478991270065,3.9622426,0.23703583,2021-02-08
220,0.06132882460951805,3.9508514,0.20047009,2021-02-09
221,0.05617173761129379,3.954756,0.22174159,2021-02-10
222,0.05709648132324219,3.9641347,0.19205213,2021-02-11
223,0.06060641631484032,3.9543316,0.23040454,2021-02-12
224,0.04180409759283066,3.8485508,0.14543451,2021-02-16
225,0.050156984478235245,3.8831747,0.16569103,2021-02-17
226,0.05213635787367821,3.963711,0.19046184,2021-02-18
227,0.06074146181344986,3.9726558,0.22186981,2021-02-19
228,0.049942951649427414,3.8567982,0.17392276,2021-02-22
229,0.04141618311405182,3.8116727,0.14690067,2021-02-23
230,0.0562845915555954,3.8826187,0.1908717,2021-02-24
231,0.06883034110069275,3.9854393,0.23490259,2021-02-25
232,0.04253453388810158,3.88833,0.17772263,2021-02-26
233,0.05798112601041794,3.9709337,0.22668807,2021-03-01
234,0.04422414302825928,3.8507082,0.1508195,2021-03-02
235,0.059027109295129776,3.959577,0.22550878,2021-03-03
236,0.04657568782567978,3.8585153,0.1565481,2021-03-04
237,0.03599235787987709,3.826407,0.13093598,2021-03-05
238,0.03297463431954384,3.8274164,0.11695113,2021-03-08
239,0.043363943696022034,3.8564918,0.14908233,2021-03-09
240,0.04415055736899376,3.8724105,0.16540185,2021-03-10
241,0.04123565927147865,3.8406663,0.14043134,2021-03-11
242,0.04141203314065933,3.8654778,0.14909285,2021-03-12
243,0.03543182462453842,3.8025906,0.12795198,2021-03-15
244,0.0551258809864521,3.9094748,0.19387169,2021-03-16
245,0.03802211955189705,3.8450692,0.14740928,2021-03-17
246,0.046796392649412155,3.893433,0.15680976,2021-03-18
247,0.033783502876758575,3.822689,0.122536846,2021-03-19
248,0.05493190139532089,3.9029646,0.20549555,2021-03-22
249,0.06258946657180786,3.907803,0.21414307,2021-03-23
250,0.043292492628097534,3.866318,0.17156184,2021-03-24
251,0.04406978562474251,3.8607302,0.14790653,2021-03-25
252,0.03856034576892853,3.8585124,0.13756546,2021-03-26
253,0.034640565514564514,3.8593311,0.13024041,2021-03-29
254,0.04067236930131912,3.8517401,0.14739801,2021-03-30
255,0.03777752071619034,3.8451378,0.13167113,2021-03-31
256,0.05115024372935295,3.9330993,0.18579905,2021-04-01
257,0.05236295983195305,3.8830454,0.17749926,2021-04-05
258,0.043418947607278824,3.8662698,0.14717686,2021-04-06
259,0.05286698788404465,3.922638,0.1921499,2021-04-07
260,0.04355533421039581,3.8761895,0.14614634,2021-04-08
261,0.041728425770998,3.8809876,0.15799706,2021-04-09
262,0.04657876864075661,3.8986397,0.16432457,2021-04-12
263,0.06485366821289062,3.9661872,0.22855683,2021-04-13
264,0.07112214714288712,3.9810183,0.24508148,2021-04-14
265,0.06753406673669815,3.9847205,0.22460376,2021-04-15
266,0.04829913750290871,3.9120796,0.1759949,2021-04-16
267,0.04499979317188263,3.9084249,0.17056108,2021-04-19
268,0.055919941514730453,3.9555771,0.21174012,2021-04-20
269,0.06049000471830368,3.9172409,0.22523232,2021-04-21
270,0.06295716017484665,3.9291096,0.20892616,2021-04-22
271,0.04929555207490921,3.8993874,0.16881175,2021-04-23
272,0.04783055931329727,3.888508,0.16535121,2021-04-26
273,0.04721144214272499,3.8902001,0.17059755,2021-04-27
274,0.03824649378657341,3.8160183,0.13129935,2021-04-28
275,0.03997865691781044,3.8619153,0.1393694,2021-04-29
276,0.043116893619298935,3.8703558,0.14820772,2021-04-30
277,0.041975006461143494,3.867335,0.15423271,2021-05-03
278,0.034882333129644394,3.8174663,0.13185127,2021-05-04
279,0.041167810559272766,3.8526812,0.14190161,2021-05-05
280,0.050195179879665375,3.8753397,0.1741052,2021-05-06
281,0.03956468030810356,3.831746,0.138107,2021-05-07
282,0.048979252576828,3.8734725,0.16813235,2021-05-10
283,0.04483773559331894,3.8481247,0.15997563,2021-05-11
284,0.0443546287715435,3.8267055,0.16026808,2021-05-12
285,0.041385628283023834,3.8286707,0.1438479,2021-05-13
286,0.03439335525035858,3.7881694,0.123771206,2021-05-14
287,0.04871112480759621,3.855321,0.16376156,2021-05-17
288,0.04377615079283714,3.8565626,0.16053069,2021-05-18
289,0.04565935581922531,3.833348,0.17334208,2021-05-19
290,0.07688629627227783,3.9307756,0.2705011,2021-05-20
291,0.06959538161754608,3.94751,0.23375882,2021-05-21
292,0.04353583604097366,3.8592432,0.1578834,2021-05-24
293,0.04116455093026161,3.8541253,0.14389661,2021-05-25
294,0.03569021075963974,3.858712,0.13979675,2021-05-26
295,0.03754901885986328,3.8571856,0.1466728,2021-05-27
296,0.037804216146469116,3.8300867,0.1332952,2021-05-28
297,0.03545672446489334,3.792846,0.12325478,2021-06-01
298,0.05624149739742279,3.8931108,0.19535594,2021-06-02
299,0.03867783769965172,3.8373704,0.13286994,2021-06-03
300,0.042081668972969055,3.833725,0.14720555,2021-06-04
301,0.03604438528418541,3.7844012,0.12908085,2021-06-07
302,0.0464702732861042,3.8303335,0.1609008,2021-06-08
303,0.048644911497831345,3.8548167,0.17379026,2021-06-09
304,0.054429780691862106,3.90213,0.18314978,2021-06-10
305,0.040530405938625336,3.8772204,0.16195154,2021-06-11
306,0.04725347086787224,3.9354362,0.17767818,2021-06-14
307,0.05721544846892357,3.9111762,0.20512408,2021-06-15
308,0.038244690746068954,3.8310177,0.14349936,2021-06-16
309,0.0588514544069767,3.939913,0.20689891,2021-06-17
310,0.07565220445394516,3.9721973,0.27409363,2021-06-18
311,0.06598475575447083,3.9518783,0.22987007,2021-06-21
312,0.04012051224708557,3.8498979,0.14302224,2021-06-22
313,0.06024835631251335,3.9801497,0.21909904,2021-06-23
314,0.04369363561272621,3.8395226,0.15223545,2021-06-24
315,0.03677625209093094,3.818458,0.13178596,2021-06-25
316,0.053477946668863297,3.9262514,0.18503234,2021-06-28
317,0.052254945039749146,3.8897471,0.18559891,2021-06-29
318,0.03679252788424492,3.8249505,0.13337517,2021-06-30
319,0.04192667454481125,3.8483188,0.14905666,2021-07-01
320,0.05524306371808052,3.8996341,0.18671848,2021-07-02
321,0.05421430245041847,3.9081485,0.19069561,2021-07-06
322,0.05017600581049919,3.9009821,0.19552395,2021-07-07
323,0.03987773507833481,3.8224964,0.13386746,2021-07-08
324,0.03988189250230789,3.8764365,0.15637471,2021-07-09
325,0.037693366408348083,3.860831,0.13053559,2021-07-12
326,0.049010224640369415,3.8910437,0.16658035,2021-07-13
327,0.0363607257604599,3.8413765,0.14013863,2021-07-14
328,0.046542420983314514,3.9114916,0.16788667,2021-07-15
329,0.04115038365125656,3.8389318,0.14508432,2021-07-16
330,0.05076218396425247,3.875595,0.18269394,2021-07-19
331,0.06413359194993973,3.9452767,0.23368904,2021-07-20
332,0.06624221801757812,3.9376256,0.22114854,2021-07-21
333,0.05927286297082901,3.8786643,0.20454334,2021-07-22
334,0.05250727757811546,3.874827,0.1853302,2021-07-23
335,0.03752770647406578,3.82811,0.13525893,2021-07-26
336,0.03763367608189583,3.8425422,0.13499466,2021-07-27
337,0.038684915751218796,3.8644137,0.14669243,2021-07-28
338,0.04291842505335808,3.8809202,0.16115108,2021-07-29
339,0.04193609952926636,3.8427594,0.14050046,2021-07-30
340,0.042122796177864075,3.8518302,0.15388055,2021-08-02
341,0.049199797213077545,3.8467894,0.16862445,2021-08-03
342,0.04904252290725708,3.8515437,0.1703615,2021-08-04
343,0.05243910476565361,3.8733728,0.18956137,2021-08-05
344,0.04412321001291275,3.8487797,0.15219189,2021-08-06
345,0.036353252828121185,3.8136768,0.12897271,2021-08-09
346,0.056678809225559235,3.917709,0.1968313,2021-08-10
347,0.05082780122756958,3.89036,0.1737603,2021-08-11
348,0.04350189492106438,3.8368933,0.15262859,2021-08-12
349,0.05040159821510315,3.892837,0.17294316,2021-08-13
350,0.045765869319438934,3.8792515,0.1727869,2021-08-16
351,0.035833898931741714,3.7974195,0.122213624,2021-08-17
352,0.048753656446933746,3.8827312,0.1851241,2021-08-18
353,0.0600694864988327,3.9445202,0.22791363,2021-08-19
354,0.06986387819051743,3.986228,0.2511794,2021-08-20
355,0.06596711277961731,3.8922765,0.22585177,2021-08-23
356,0.06908921152353287,3.9658885,0.23526192,2021-08-24
357,0.04012059047818184,3.872488,0.14534427,2021-08-25
358,0.04001479968428612,3.8776042,0.1486217,2021-08-26
359,0.03722619637846947,3.844726,0.14487194,2021-08-27
360,0.06092197448015213,3.9929354,0.2323569,2021-08-30
361,0.06788003444671631,3.972298,0.23787326,2021-08-31
362,0.06193045526742935,3.9395187,0.21380232,2021-09-01
363,0.048531826585531235,3.8525853,0.16394205,2021-09-02
364,0.061048708856105804,3.9894,0.21787816,2021-09-03
365,0.05972407013177872,3.9563816,0.22583288,2021-09-07
366,0.04469018802046776,3.866087,0.1629495,2021-09-08
367,0.03997218236327171,3.8441858,0.14957641,2021-09-09
368,0.04715987667441368,3.8852282,0.16126479,2021-09-10
369,0.06057538837194443,3.9382064,0.22952029,2021-09-13
370,0.052233289927244186,3.8741221,0.17623457,2021-09-14
371,0.056491561233997345,3.9011152,0.20796089,2021-09-15
372,0.041350945830345154,3.8343952,0.1386485,2021-09-16
373,0.04415600746870041,3.890559,0.164324,2021-09-17
374,0.031007256358861923,3.8306224,0.11924834,2021-09-20
375,0.03454761579632759,3.8538766,0.13014767,2021-09-21
376,0.029557472094893456,3.7928932,0.10660664,2021-09-22
377,0.03098691999912262,3.7873135,0.10989061,2021-09-23
378,0.025275547057390213,3.7062035,0.086810015,2021-09-24
379,0.028187183663249016,3.75802,0.101065636,2021-09-27
380,0.03093823231756687,3.764174,0.107661486,2021-09-28
381,0.0622851587831974,3.9516656,0.2195636,2021-09-29
382,0.038375839591026306,3.8103569,0.13136604,2021-09-30
383,0.03400791436433792,3.8022032,0.12301175,2021-10-01
384,0.03268304094672203,3.7965713,0.11215558,2021-10-04
385,0.03444177284836769,3.804632,0.13208814,2021-10-05
386,0.028158023953437805,3.7526822,0.103049174,2021-10-06
387,0.03762529417872429,3.809304,0.13853185,2021-10-07
388,0.028280602768063545,3.7055693,0.100535326,2021-10-08
389,0.05263448506593704,3.8982716,0.18505794,2021-10-11
390,0.047546423971652985,3.891374,0.18110791,2021-10-12
391,0.05697900056838989,3.9092355,0.19924717,2021-10-13
392,0.0341486819088459,3.7987132,0.12810399,2021-10-14
393,0.04240868240594864,3.8265824,0.15083125,2021-10-15
394,0.04809965938329697,3.870329,0.16562483,2021-10-18
395,0.038469139486551285,3.8206596,0.14007887,2021-10-19
396,0.047549616545438766,3.8570914,0.17100836,2021-10-20
397,0.037034567445516586,3.7980907,0.1279411,2021-10-21
398,0.03561892360448837,3.7810793,0.12898321,2021-10-22
399,0.05408622696995735,3.8939757,0.18329558,2021-10-25
400,0.0506012849509716,3.927034,0.19235677,2021-10-26
401,0.04594278708100319,3.8847,0.17188802,2021-10-27
402,0.06354492157697678,3.9804265,0.23415229,2021-10-28
403,0.0692562460899353,3.8964338,0.23317423,2021-10-29
404,0.06926243752241135,3.9816995,0.24724081,2021-11-01
405,0.07621819525957108,3.9776208,0.2552387,2021-11-02
406,0.06941215693950653,3.985664,0.2384214,2021-11-03
407,0.05779993161559105,3.9920566,0.23388559,2021-11-04
408,0.06217709556221962,3.9518464,0.22344795,2021-11-05
409,0.04961607605218887,3.902822,0.19199228,2021-11-08
410,0.04569493979215622,3.8791385,0.1743657,2021-11-09
411,0.0639878362417221,3.982817,0.22192235,2021-11-10
412,0.04019691422581673,3.8248327,0.15241973,2021-11-11
413,0.05812440440058708,3.9051905,0.20314673,2021-11-12
414,0.06378553807735443,3.9252326,0.21109101,2021-11-15
415,0.05342451483011246,3.8993373,0.19646479,2021-11-16
416,0.05440124124288559,3.9276116,0.19570546,2021-11-17
417,0.06139937788248062,3.9918365,0.23610492,2021-11-18
418,0.07401372492313385,3.9319267,0.25265542,2021-11-19
419,0.07579740881919861,3.9753854,0.25646225,2021-11-22
420,0.03469002991914749,3.816933,0.12450688,2021-11-23
421,0.047331489622592926,3.8658059,0.16301905,2021-11-24
422,0.03365173190832138,3.8084545,0.13057914,2021-11-26
423,0.04652198776602745,3.8806503,0.19293529,2021-11-29
424,0.04953690245747566,3.8924296,0.17015654,2021-11-30
425,0.044040750712156296,3.8486974,0.16395375,2021-12-01
426,0.04091930016875267,3.8256264,0.14494385,2021-12-02
427,0.048676472157239914,3.9030817,0.1626428,2021-12-03
428,0.04096240922808647,3.895828,0.16316022,2021-12-06
429,0.0522269681096077,3.9809237,0.19469978,2021-12-07
430,0.06337573379278183,3.9772708,0.2132646,2021-12-08
431,0.0552096851170063,3.9276323,0.21490322,2021-12-09
432,0.051028765738010406,3.901847,0.17947656,2021-12-10
433,0.050720617175102234,3.8915274,0.17223808,2021-12-13
434,0.05589737743139267,3.9182248,0.22048676,2021-12-14
435,0.06567201763391495,3.957091,0.22045806,2021-12-15
436,0.07168848067522049,3.9871018,0.2635311,2021-12-16
437,0.07299944758415222,3.9695282,0.2590281,2021-12-17
438,0.08439158648252487,3.9718955,0.29293042,2021-12-20
439,0.08317521959543228,3.9789464,0.2908657,2021-12-21
440,0.06057320162653923,3.9404845,0.2125573,2021-12-22
441,0.0618172213435173,3.9381695,0.22489385,2021-12-23
442,0.06332219392061234,3.9549594,0.25680867,2021-12-27
443,0.06829856336116791,3.9834394,0.24687937,2021-12-28
444,0.06838882714509964,3.9815984,0.25907156,2021-12-29
445,0.07445933669805527,3.97699,0.27732414,2021-12-30
446,0.07063122093677521,3.988137,0.2650226,2021-12-31
447,0.04670022428035736,3.8770075,0.17098571,2022-01-03
448,0.06210103631019592,3.982397,0.22257192,2022-01-04
449,0.05940490588545799,3.9794238,0.20963636,2022-01-05
450,0.05959140136837959,3.9521067,0.21216883,2022-01-06
451,0.03919380530714989,3.8663218,0.13661017,2022-01-07
452,0.05308040603995323,3.922035,0.17983478,2022-01-10
453,0.0531739704310894,3.9191914,0.19403403,2022-01-11
454,0.06444290280342102,3.9753933,0.23273768,2022-01-12
455,0.05874461680650711,3.9703987,0.21064276,2022-01-13
456,0.08007889986038208,3.9712784,0.27421868,2022-01-14
457,0.06496991217136383,3.9603875,0.22132461,2022-01-18
458,0.05478610098361969,3.9555566,0.21421324,2022-01-19
459,0.04637106508016586,3.9188604,0.18703038,2022-01-20
460,0.08691428601741791,3.9752312,0.30896553,2022-01-21
461,0.07494605332612991,3.981922,0.28615057,2022-01-24
462,0.06804278492927551,3.9834805,0.24011993,2022-01-25
463,0.08387725800275803,3.9602032,0.3018407,2022-01-26
464,0.07338060438632965,3.984027,0.25645906,2022-01-27
465,0.04597971588373184,3.9111059,0.19692837,2022-01-28
466,0.051802027970552444,3.890527,0.19368082,2022-01-31
467,0.06373003125190735,3.9071152,0.22770284,2022-02-01
468,0.07082097977399826,3.9889407,0.2664317,2022-02-02
469,0.036338500678539276,3.8505414,0.13499875,2022-02-03
470,0.054011449217796326,3.8814547,0.20934992,2022-02-04
471,0.06402575224637985,3.8879004,0.2436003,2022-02-07
472,0.04042728990316391,3.850374,0.15668514,2022-02-08
473,0.05082114040851593,3.958035,0.20431244,2022-02-09
474,0.043652281165122986,3.93456,0.17034627,2022-02-10
475,0.06797527521848679,3.9797478,0.26999336,2022-02-11
476,0.07406985014677048,3.9880106,0.28735054,2022-02-14
477,0.058480579406023026,3.9700403,0.19574079,2022-02-15
478,0.06154574081301689,3.9929178,0.23989527,2022-02-16
479,0.06092507019639015,3.9847689,0.23455468,2022-02-17
480,0.05622725933790207,3.9656975,0.22151628,2022-02-18
481,0.061731141060590744,3.944085,0.21761818,2022-02-22
482,0.06491970270872116,3.9851565,0.22727379,2022-02-23
483,0.07218509912490845,3.9408605,0.24769104,2022-02-24
484,0.06744951754808426,3.9768622,0.2457266,2022-02-25
485,0.05075157433748245,3.878264,0.17623645,2022-02-28
486,0.05545182526111603,3.8965747,0.19332257,2022-03-01
487,0.07357820123434067,3.9829884,0.285388,2022-03-02
488,0.05739142373204231,3.8673034,0.2001558,2022-03-03
489,0.07813560217618942,3.9444072,0.26645115,2022-03-04
490,0.0498860664665699,3.8470826,0.17810637,2022-03-07
491,0.06600349396467209,3.9877105,0.24882765,2022-03-08
492,0.05962212011218071,3.8952448,0.21897808,2022-03-09
493,0.06592431664466858,3.9073493,0.2255914,2022-03-10
494,0.06210905313491821,3.9361792,0.22654708,2022-03-11
495,0.06154007837176323,3.9698358,0.23038492,2022-03-14
496,0.0691843330860138,3.9717567,0.24848571,2022-03-15
497,0.0774390697479248,3.9357874,0.2624378,2022-03-16
498,0.06098126247525215,3.9026654,0.20455869,2022-03-17
499,0.07955355942249298,3.9814422,0.27188197,2022-03-18
500,0.06992967426776886,3.9880884,0.26418325,2022-03-21
501,0.053635064512491226,3.946791,0.20448107,2022-03-22
502,0.053489699959754944,3.9858913,0.20957421,2022-03-23
503,0.042191483080387115,3.8657207,0.17554225,2022-03-24
504,0.09334088861942291,3.9709044,0.30516127,2022-03-25
505,0.07446746528148651,3.9856608,0.25587296,2022-03-28
506,0.04708831012248993,3.8362677,0.18012889,2022-03-29
507,0.07502356916666031,3.955775,0.28537837,2022-03-30
508,0.06490885466337204,3.9761968,0.25897622,2022-03-31
509,0.04963148385286331,3.90309,0.1948617,2022-04-01
510,0.06307394802570343,3.9408584,0.2546178,2022-04-04
511,0.06567641347646713,3.9827268,0.24405132,2022-04-05
512,0.036346323788166046,3.9390738,0.14437144,2022-04-06
513,0.06554051488637924,3.9667907,0.2571675,2022-04-07
514,0.053513504564762115,3.9083576,0.19867694,2022-04-08
515,0.05896676704287529,3.88029,0.21580428,2022-04-11
516,0.057405151426792145,3.9229407,0.20140782,2022-04-12
517,0.07141421735286713,3.9312963,0.2845005,2022-04-13
518,0.0723666176199913,3.956461,0.27392057,2022-04-14
519,0.07336889952421188,3.9842455,0.2919985,2022-04-18
520,0.06729830056428909,3.9839246,0.2497863,2022-04-19
521,0.039288945496082306,3.8999515,0.15746371,2022-04-20
522,0.043403271585702896,3.881207,0.16162035,2022-04-21
523,0.06891898065805435,3.9660378,0.24900354,2022-04-22
524,0.0557875856757164,3.9664826,0.22955865,2022-04-25
525,0.05450909212231636,3.981157,0.20546561,2022-04-26
526,0.04389629885554314,3.933534,0.18669039,2022-04-27
527,0.06764832884073257,3.9815423,0.26827052,2022-04-28
528,0.06539060175418854,3.9677594,0.24223623,2022-04-29
529,0.04399990662932396,3.9639297,0.16603573,2022-05-02
530,0.07407673448324203,3.982963,0.27233782,2022-05-03
531,0.08365803211927414,3.975283,0.27110678,2022-05-04
532,0.06736765801906586,3.9533074,0.22552063,2022-05-05
533,0.0712570771574974,3.9784026,0.25978884,2022-05-06
534,0.07859934121370316,3.9848464,0.2836265,2022-05-09
535,0.06626789271831512,3.9839642,0.25846028,2022-05-10
536,0.07518180459737778,3.9788094,0.26613027,2022-05-11
537,0.0856335461139679,3.9408333,0.31009433,2022-05-12
538,0.049806173890829086,3.8233037,0.18031651,2022-05-13
539,0.06069782376289368,3.8149116,0.21590449,2022-05-16
540,0.06686674058437347,3.9328547,0.26119497,2022-05-17
541,0.05807759612798691,3.943648,0.22705527,2022-05-18
542,0.05645526573061943,3.9478385,0.2308118,2022-05-19
543,0.058196019381284714,3.8904426,0.23773515,2022-05-20
544,0.0680917352437973,3.9897077,0.2545027,2022-05-23
545,0.08008118718862534,3.9727702,0.27378634,2022-05-24
546,0.06981150060892105,3.9785492,0.26256335,2022-05-25
547,0.06307803094387054,3.9907875,0.24608104,2022-05-26
548,0.039791494607925415,3.9114919,0.14099897,2022-05-27
549,0.06740278005599976,3.934515,0.24930833,2022-05-31
550,0.07546023279428482,3.9830441,0.26616746,2022-06-01
551,0.04988227039575577,3.902628,0.1842891,2022-06-02
552,0.07655582576990128,3.9862113,0.28019363,2022-06-03
553,0.07389616966247559,3.9804327,0.28092915,2022-06-06
554,0.07712863385677338,3.9847083,0.2754916,2022-06-07
555,0.0753583163022995,3.9892602,0.28225648,2022-06-08
556,0.06171296909451485,3.9663918,0.22880076,2022-06-09
557,0.07140602916479111,3.9707048,0.2758995,2022-06-10
558,0.06326758861541748,3.94994,0.25184435,2022-06-13
559,0.05727624520659447,3.9436784,0.21311983,2022-06-14
560,0.06095627322793007,3.9346297,0.23179343,2022-06-15
561,0.05040404945611954,3.9086225,0.21095796,2022-06-16
562,0.04277174919843674,3.929054,0.1827554,2022-06-17
563,0.06065636873245239,3.9918032,0.23833273,2022-06-21
564,0.06791625916957855,3.952086,0.24262151,2022-06-22
565,0.056807100772857666,3.957862,0.20579451,2022-06-23
566,0.06898625195026398,3.9529254,0.26332295,2022-06-24
567,0.06747347861528397,3.9711137,0.22820196,2022-06-27
568,0.08153890818357468,3.9684622,0.27904916,2022-06-28
569,0.07640089094638824,3.9883792,0.2809362,2022-06-29
570,0.07522924989461899,3.9848511,0.28486872,2022-06-30
571,0.07130047678947449,3.9892702,0.26962233,2022-07-01
572,0.0811954215168953,3.978211,0.2979083,2022-07-05
573,0.07463975250720978,3.9673157,0.26331347,2022-07-06
574,0.06306450814008713,3.929192,0.22537565,2022-07-07
575,0.07224622368812561,3.9785132,0.24696946,2022-07-08
576,0.07707351446151733,3.9875793,0.28781933,2022-07-11
577,0.07604009658098221,3.9844995,0.27954042,2022-07-12
578,0.07266402989625931,3.9694424,0.25402048,2022-07-13
579,0.06608501076698303,3.9896576,0.25598356,2022-07-14
580,0.06254854798316956,3.988196,0.23726049,2022-07-15
581,0.07592297345399857,3.9618244,0.25125292,2022-07-18
582,0.0773753896355629,3.980307,0.27228835,2022-07-19
583,0.07928840070962906,3.9843867,0.26190707,2022-07-20
584,0.0838746428489685,3.9778183,0.28218842,2022-07-21
585,0.08060821145772934,3.9779644,0.2707169,2022-07-22
586,0.08164305984973907,3.9723785,0.2926011,2022-07-25
587,0.0886654332280159,3.9643939,0.30187,2022-07-26
588,0.0796155110001564,3.9750292,0.29939836,2022-07-27
589,0.0768524557352066,3.9742687,0.25690684,2022-07-28
590,0.04445440694689751,3.883373,0.17848134,2022-07-29
591,0.0879201591014862,3.9636807,0.31130067,2022-08-01
592,0.07972615957260132,3.9644,0.29068536,2022-08-02
593,0.07724130898714066,3.9813058,0.28056154,2022-08-03
594,0.07485654950141907,3.9632473,0.25733498,2022-08-04
595,0.06039080023765564,3.9254265,0.24559483,2022-08-05
596,0.06941350549459457,3.9527028,0.25910997,2022-08-08
597,0.08051635324954987,3.980562,0.28776136,2022-08-09
598,0.07204892486333847,3.9838722,0.26873022,2022-08-10
599,0.07079765200614929,3.9833102,0.2530049,2022-08-11
600,0.07114912569522858,3.9848144,0.25217098,2022-08-12
601,0.04782535880804062,3.9215188,0.18696605,2022-08-15
602,0.07142512500286102,3.9068148,0.249996,2022-08-16
603,0.07315771281719208,3.9635992,0.25246516,2022-08-17
604,0.05374402552843094,3.9230297,0.2098923,2022-08-18
605,0.07212833315134048,3.9679554,0.24994496,2022-08-19
606,0.05797989293932915,3.915362,0.24170272,2022-08-22
607,0.07036841660737991,3.9570975,0.26422554,2022-08-23
608,0.06472960859537125,3.8826,0.23951799,2022-08-24
609,0.072101891040802,3.8933806,0.26847824,2022-08-25
610,0.0660763680934906,3.8591175,0.23384026,2022-08-26
611,0.06295495480298996,3.911476,0.24937794,2022-08-29
612,0.05859648808836937,3.8882518,0.241783,2022-08-30
613,0.05673190578818321,3.9196148,0.2334393,2022-08-31
614,0.05116807669401169,3.8947518,0.19908166,2022-09-01
615,0.057637523859739304,3.8739085,0.22776076,2022-09-02
616,0.07407750934362411,3.986023,0.29119423,2022-09-06
617,0.049583397805690765,3.9627156,0.19439556,2022-09-07
618,0.05059703812003136,3.9146826,0.18940517,2022-09-08
619,0.0690545067191124,3.9114182,0.2562339,2022-09-09
620,0.05458050221204758,3.8343241,0.19146588,2022-09-12
621,0.05299744755029678,3.8668158,0.17915633,2022-09-13
622,0.05225058272480965,3.8819137,0.21247944,2022-09-14
623,0.05201977118849754,3.9142344,0.21063538,2022-09-15
624,0.0403095968067646,3.8917212,0.17393504,2022-09-16
625,0.04643498733639717,3.9145272,0.18807162,2022-09-19
626,0.06324911117553711,3.9503987,0.25083125,2022-09-20
627,0.03339824080467224,3.727101,0.1374437,2022-09-21
628,0.031139491125941277,3.7832727,0.115562394,2022-09-22
629,0.03792905807495117,3.8180773,0.15072696,2022-09-23
630,0.062280166894197464,3.99015,0.22124702,2022-09-26
631,0.04763205349445343,3.9491138,0.18524812,2022-09-27
632,0.06736162304878235,3.9893377,0.25358135,2022-09-28
633,0.06302031874656677,3.9381309,0.24120328,2022-09-29
634,0.07018104195594788,3.9860828,0.2396874,2022-09-30
635,0.06510097533464432,3.976535,0.24412186,2022-10-03
636,0.06795360147953033,3.9668093,0.23714629,2022-10-04
637,0.057852569967508316,3.9049037,0.21261622,2022-10-05
638,0.05120318755507469,3.8841245,0.18962611,2022-10-06
639,0.058448467403650284,3.9299073,0.2137928,2022-10-07
640,0.06448972225189209,3.9592116,0.26518512,2022-10-10
641,0.060005273669958115,3.9424984,0.23780984,2022-10-11
642,0.05059404298663139,3.8920429,0.20460999,2022-10-12
643,0.05440191552042961,3.887962,0.21194075,2022-10-13
644,0.05754663795232773,3.8970976,0.19397455,2022-10-14
645,0.046996716409921646,3.9522882,0.18123554,2022-10-17
646,0.06642720103263855,3.9131117,0.23616853,2022-10-18
647,0.08803103864192963,3.975445,0.32030186,2022-10-19
648,0.05285864323377609,3.8977334,0.1962608,2022-10-20
649,0.08380363136529922,3.9805145,0.289593,2022-10-21
650,0.08099187165498734,3.9705408,0.2942659,2022-10-24
651,0.08251022547483444,3.9842482,0.28173074,2022-10-25
652,0.07516207545995712,3.9533167,0.2576296,2022-10-26
653,0.08101547509431839,3.9761674,0.28649735,2022-10-27
654,0.07401245087385178,3.9581373,0.27190015,2022-10-28
655,0.08913365751504898,3.9701693,0.29713744,2022-10-31
656,0.07889355719089508,3.9692206,0.29052576,2022-11-01
657,0.07737958431243896,3.9821799,0.2682456,2022-11-02
658,0.08373948186635971,3.9774854,0.3036452,2022-11-03
659,0.08673960715532303,3.9578173,0.3273863,2022-11-04
660,0.08955418318510056,3.9132762,0.3108211,2022-11-07
661,0.08569744229316711,3.966273,0.29151848,2022-11-08
662,0.09250187128782272,3.9717155,0.30912724,2022-11-09
663,0.052652496844530106,3.8976638,0.21107146,2022-11-10
664,0.06598272919654846,3.9266658,0.24921541,2022-11-11
665,0.09096802771091461,3.9825704,0.32719412,2022-11-14
666,0.07727308571338654,3.981162,0.27580556,2022-11-15
667,0.05437545105814934,3.8957176,0.19828025,2022-11-16
668,0.07110533863306046,3.914272,0.26599124,2022-11-17
669,0.08554228395223618,3.9777117,0.2891272,2022-11-18
670,0.08211394399404526,3.9651153,0.27825585,2022-11-21
671,0.08233702182769775,3.9660285,0.28752032,2022-11-22
672,0.07900333404541016,3.9819622,0.2929457,2022-11-23
673,0.08868440240621567,3.980586,0.3154895,2022-11-25
674,0.0857507511973381,3.9831524,0.29745287,2022-11-28
675,0.07096683233976364,3.9784493,0.26525173,2022-11-29
676,0.08526726812124252,3.9792113,0.2788476,2022-11-30
677,0.08060218393802643,3.979012,0.285258,2022-12-01
678,0.07723368704319,3.978799,0.2851671,2022-12-02
679,0.07447940111160278,3.9705338,0.28013226,2022-12-05
680,0.06050630286335945,3.9368975,0.24236599,2022-12-06
681,0.0761149674654007,3.9830494,0.2717462,2022-12-07
682,0.08491391688585281,3.9855266,0.3141932,2022-12-08
683,0.08257848769426346,3.9832153,0.2889616,2022-12-09
684,0.07898739725351334,3.9722776,0.28478637,2022-12-12
685,0.08042328804731369,3.9857078,0.2870463,2022-12-13
686,0.0805555135011673,3.984811,0.27597088,2022-12-14
687,0.056691717356443405,3.9486952,0.21784604,2022-12-15
688,0.04668080806732178,3.874094,0.18251571,2022-12-16
689,0.0745847225189209,3.9533477,0.26853448,2022-12-19
690,0.06117868795990944,3.9345515,0.23233294,2022-12-20
691,0.07964709401130676,3.9676158,0.284153,2022-12-21
692,0.08357279002666473,3.985697,0.29869044,2022-12-22
693,0.07137450575828552,3.9662821,0.2651952,2022-12-23
694,0.07685820013284683,3.973061,0.29223326,2022-12-27
695,0.07664860039949417,3.9687092,0.25525182,2022-12-28
696,0.08104860037565231,3.9845502,0.27988487,2022-12-29
697,0.08362593501806259,3.9759064,0.276038,2022-12-30
698,0.07920334488153458,3.9777746,0.2949087,2023-01-03
699,0.062210679054260254,3.886779,0.2112218,2023-01-04
700,0.06845002621412277,3.9355593,0.23379463,2023-01-05
701,0.0814351737499237,3.9836888,0.30015638,2023-01-06
702,0.08393349498510361,3.9697587,0.27278864,2023-01-09
703,0.0715576559305191,3.934072,0.24962798,2023-01-10
704,0.0879560187458992,3.980329,0.29586276,2023-01-11
705,0.08730298280715942,3.9516428,0.30520102,2023-01-12
706,0.08841964602470398,3.983031,0.30760136,2023-01-13
707,0.08088736981153488,3.985446,0.28446633,2023-01-17
708,0.07635512948036194,3.9668431,0.26781088,2023-01-18
709,0.06755538284778595,3.9426477,0.2645645,2023-01-19
710,0.07589802145957947,3.9660378,0.27185404,2023-01-20
711,0.0863429605960846,3.9772046,0.29257825,2023-01-23
712,0.10178977996110916,3.9693751,0.33756438,2023-01-24
713,0.08685345947742462,3.978028,0.3062282,2023-01-25
714,0.07988188415765762,3.9760222,0.2762742,2023-01-26
715,0.08760685473680496,3.9760342,0.31442183,2023-01-27
716,0.07982780784368515,3.966439,0.28219905,2023-01-30
717,0.09203215688467026,3.9811354,0.32276398,2023-01-31
718,0.08339297771453857,3.9285111,0.27993998,2023-02-01
719,0.08733642846345901,3.9783065,0.29188672,2023-02-02
720,0.07639484107494354,3.9834533,0.27171504,2023-02-03
721,0.08303844928741455,3.9817522,0.2936784,2023-02-06
722,0.10515082627534866,3.9508355,0.33756715,2023-02-07
723,0.09735043346881866,3.9772842,0.32881293,2023-02-08
724,0.04852818325161934,3.7910702,0.17805031,2023-02-09
725,0.057828471064567566,3.8116844,0.20990856,2023-02-10
726,0.07772442698478699,3.912132,0.2781089,2023-02-13
727,0.07813543826341629,3.9532735,0.29600313,2023-02-14
728,0.07978301495313644,3.9656172,0.27881926,2023-02-15
729,0.07890195399522781,3.9296346,0.29827437,2023-02-16
730,0.07400999218225479,3.916443,0.24763244,2023-02-17
731,0.07532627880573273,3.9818313,0.26417962,2023-02-21
732,0.039627525955438614,3.7906187,0.16617218,2023-02-22
733,0.05582772567868233,3.8649058,0.20935494,2023-02-23
734,0.07903143763542175,3.9464996,0.26188496,2023-02-24
735,0.057879239320755005,3.9397178,0.2227719,2023-02-27
736,0.05217389017343521,3.8982427,0.2109281,2023-02-28
737,0.05569173023104668,3.8937948,0.2048052,2023-03-01
738,0.08354724198579788,3.9831443,0.31878158,2023-03-02
739,0.0845676138997078,3.9809797,0.29215822,2023-03-03
740,0.0808834582567215,3.9751394,0.2698029,2023-03-06
741,0.07307899743318558,3.960602,0.26817182,2023-03-07
742,0.07830718904733658,3.9715836,0.27893737,2023-03-08
743,0.08664122223854065,3.9692123,0.303916,2023-03-09
744,0.055454034358263016,3.9361067,0.22615215,2023-03-10
745,0.0750395804643631,3.9858308,0.27939305,2023-03-13
746,0.06237153336405754,3.9526923,0.25416335,2023-03-14
747,0.08902620524168015,3.9807413,0.29518622,2023-03-15
748,0.0643177404999733,3.9786584,0.24622512,2023-03-16
749,0.06601424515247345,3.9622295,0.22086254,2023-03-17
750,0.03785566985607147,3.8682814,0.16109644,2023-03-20
751,0.07769986242055893,3.9745867,0.26667646,2023-03-21
752,0.047557052224874496,3.8291054,0.16671315,2023-03-22
753,0.07787058502435684,3.9723642,0.27754495,2023-03-23
754,0.05457790940999985,3.8947086,0.19722971,2023-03-24
755,0.08235873281955719,3.9835696,0.2812731,2023-03-27
756,0.09196250885725021,3.9502692,0.307393,2023-03-28
757,0.08761236816644669,3.9631252,0.2888792,2023-03-29
758,0.06273052841424942,3.9021826,0.21411717,2023-03-30
759,0.08145754784345627,3.9795907,0.29240465,2023-03-31
760,0.09199848771095276,3.9722507,0.31163335,2023-04-03
761,0.08282911032438278,3.9441414,0.28889364,2023-04-04
762,0.07708339393138885,3.941364,0.2786774,2023-04-05
763,0.06721654534339905,3.9428587,0.2421265,2023-04-06
764,0.06962715089321136,3.9410589,0.2617466,2023-04-10
765,0.07314417511224747,3.9796624,0.2587514,2023-04-11
766,0.06886530667543411,3.88689,0.2365314,2023-04-12
767,0.0859069898724556,3.9813678,0.30334908,2023-04-13
768,0.07654017210006714,3.9559355,0.2671206,2023-04-14
769,0.08491092920303345,3.926554,0.2815082,2023-04-17
770,0.06875880062580109,3.975851,0.2562289,2023-04-18
771,0.07253172993659973,3.9718242,0.24627854,2023-04-19
772,0.06350231915712357,3.93611,0.23707654,2023-04-20
773,0.05435340479016304,3.9059868,0.21772954,2023-04-21
774,0.08595384657382965,3.9760556,0.30370706,2023-04-24
775,0.08349840342998505,3.9845278,0.30406016,2023-04-25
776,0.04341379180550575,3.8268466,0.16831295,2023-04-26
777,0.08473063260316849,3.9660423,0.29566732,2023-04-27
778,0.08270259201526642,3.963004,0.2743056,2023-04-28
779,0.08055996149778366,3.9829352,0.27600116,2023-05-01
780,0.05744099244475365,3.8854883,0.22512384,2023-05-02
781,0.08683033287525177,3.965357,0.30428076,2023-05-03
782,0.07679121941328049,3.9865012,0.28394374,2023-05-04
783,0.0713745653629303,3.973516,0.27773282,2023-05-05
784,0.07323294878005981,3.971531,0.23403227,2023-05-08
785,0.07885924726724625,3.987949,0.3039082,2023-05-09
786,0.07133691757917404,3.97049,0.2606464,2023-05-10
787,0.07958453893661499,3.9770353,0.27159455,2023-05-11
788,0.07704270631074905,3.92289,0.26737356,2023-05-12
789,0.078227698802948,3.9764948,0.27396786,2023-05-15
790,0.08052381128072739,3.9728243,0.27560556,2023-05-16
791,0.07581164687871933,3.9300442,0.25472972,2023-05-17
792,0.05552311986684799,3.868545,0.1932538,2023-05-18
793,0.06787841022014618,3.9006653,0.23192172,2023-05-19
794,0.08816935122013092,3.967275,0.29606152,2023-05-22
795,0.06848328560590744,3.88127,0.23930086,2023-05-23
796,0.08684039115905762,3.9559157,0.29041553,2023-05-24
797,0.08223515003919601,3.954243,0.28579435,2023-05-25
798,0.08953000605106354,3.9821577,0.31883407,2023-05-26
799,0.08818420767784119,3.9695451,0.30200118,2023-05-30
800,0.05294959992170334,3.8541253,0.18666205,2023-05-31
801,0.07270217686891556,3.944206,0.2747794,2023-06-01
802,0.07380088418722153,3.9609354,0.24689247,2023-06-02
803,0.07801879197359085,3.9715073,0.26755875,2023-06-05
804,0.08746949583292007,3.965818,0.29952615,2023-06-06
805,0.08176067471504211,3.946654,0.26729983,2023-06-07
806,0.07140154391527176,3.9112885,0.24675837,2023-06-08
807,0.08516940474510193,3.982256,0.29877353,2023-06-09
808,0.08334933966398239,3.9642808,0.30225968,2023-06-12
809,0.08129850775003433,3.9859893,0.29995576,2023-06-13
810,0.07947687059640884,3.9833612,0.2720536,2023-06-14
811,0.08596950024366379,3.972771,0.29279837,2023-06-15
812,0.07667150348424911,3.9845068,0.26243418,2023-06-16
813,0.0760045275092125,3.9828022,0.2759867,2023-06-20
814,0.05987687036395073,3.9508915,0.2281239,2023-06-21
815,0.08062738180160522,3.9859297,0.29945365,2023-06-22
816,0.08006197959184647,3.971557,0.27061996,2023-06-23
817,0.080823615193367,3.9853482,0.28443798,2023-06-26
818,0.07984314113855362,3.9764254,0.2781335,2023-06-27
819,0.07297486066818237,3.9336836,0.25119781,2023-06-28
820,0.07571762800216675,3.9185412,0.25465354,2023-06-29
821,0.07718993723392487,3.9445834,0.2621961,2023-06-30
822,0.05636543408036232,3.8494837,0.19529878,2023-07-03
823,0.08690184354782104,3.9795887,0.28784972,2023-07-05
824,0.08601675182580948,3.9565644,0.29920322,2023-07-06
825,0.08272816240787506,3.9841404,0.29918545,2023-07-07
826,0.08360499143600464,3.9573927,0.27944657,2023-07-10
827,0.07953614741563797,3.954081,0.27702537,2023-07-11
828,0.09207616001367569,3.9460788,0.30604088,2023-07-12
829,0.09586501121520996,3.9656656,0.32958078,2023-07-13
830,0.0862104594707489,3.974307,0.2919811,2023-07-14
831,0.08118738234043121,3.9707787,0.28000557,2023-07-17
832,0.0931791365146637,3.9721386,0.31421864,2023-07-18
833,0.076661117374897,3.8859599,0.2549792,2023-07-19
834,0.08517555147409439,3.9594793,0.28585726,2023-07-20
835,0.08951052278280258,3.9701607,0.3012984,2023-07-21
836,0.06928503513336182,3.884386,0.23869468,2023-07-24
837,0.06079541891813278,3.8413877,0.2152424,2023-07-25
838,0.09106218069791794,3.9543006,0.30902502,2023-07-26
839,0.07336854934692383,3.930249,0.25483197,2023-07-27
840,0.0887356773018837,3.972469,0.31136942,2023-07-28
841,0.07137857377529144,3.9309435,0.23918672,2023-07-31
842,0.06170047074556351,3.8866782,0.22562009,2023-08-01
843,0.07780992239713669,3.9750178,0.2749934,2023-08-02
844,0.07972101867198944,3.9542353,0.28360865,2023-08-03
845,0.05614183098077774,3.850465,0.19224803,2023-08-04
846,0.08145710080862045,3.9638333,0.2818268,2023-08-07
847,0.07386966049671173,3.913562,0.24979894,2023-08-08
848,0.072382353246212,3.9030528,0.24625662,2023-08-09
849,0.08294923603534698,3.9548707,0.28450334,2023-08-10
850,0.08086864650249481,3.980626,0.28272247,2023-08-11
851,0.07443473488092422,3.9590366,0.2676706,2023-08-14
852,0.08166058361530304,3.9816132,0.31196707,2023-08-15
853,0.0738423690199852,3.9673967,0.262391,2023-08-16
854,0.06225445121526718,3.982873,0.22941856,2023-08-17
855,0.08465881645679474,3.9825404,0.29371578,2023-08-18
856,0.07920847833156586,3.9334338,0.2648842,2023-08-21
857,0.05051172524690628,3.8264227,0.17356737,2023-08-22
858,0.0805513858795166,3.9740303,0.28238967,2023-08-23
859,0.092824287712574,3.9376853,0.3072162,2023-08-24
860,0.06691877543926239,3.8666945,0.22879532,2023-08-25
861,0.08879154920578003,3.9812677,0.31749427,2023-08-28
862,0.0960099995136261,3.9752803,0.3189821,2023-08-29
863,0.08406436443328857,3.9564176,0.28475606,2023-08-30
864,0.07995354384183884,3.9620554,0.29066384,2023-08-31
865,0.08964533358812332,3.9781423,0.30621913,2023-09-01
866,0.09639589488506317,3.9719236,0.3164393,2023-09-05
867,0.09297950565814972,3.9743938,0.31259087,2023-09-06
868,0.08379942923784256,3.9724865,0.291579,2023-09-07
869,0.08432306349277496,3.9843807,0.3101441,2023-09-08
870,0.06837717443704605,3.9380138,0.2442532,2023-09-11
871,0.06661464273929596,3.9091334,0.2390114,2023-09-12
872,0.07496024668216705,3.9581356,0.25791377,2023-09-13
873,0.07261574268341064,3.9449258,0.27090704,2023-09-14
874,0.08537107706069946,3.9595857,0.28591987,2023-09-15
875,0.07789715379476547,3.960769,0.26565805,2023-09-18
876,0.06682095676660538,3.970875,0.24629019,2023-09-19
877,0.05877957493066788,3.9154758,0.22435482,2023-09-20
878,0.08153809607028961,3.9706244,0.2894247,2023-09-21
879,0.09345685690641403,3.9783483,0.32649565,2023-09-22
880,0.09133341908454895,3.970503,0.31151804,2023-09-25
881,0.06352566182613373,3.904732,0.23336822,2023-09-26
882,0.08038820326328278,3.9821317,0.29472712,2023-09-27
883,0.08312403410673141,3.9828732,0.30033574,2023-09-28
884,0.0895126685500145,3.9838345,0.31254542,2023-09-29
885,0.08299700915813446,3.9768867,0.28683394,2023-10-02
886,0.0746409073472023,3.9883265,0.2798246,2023-10-03
887,0.07412822544574738,3.9877877,0.28315637,2023-10-04
888,0.07675044983625412,3.9815457,0.25953257,2023-10-05
889,0.06773363053798676,3.977071,0.26476097,2023-10-06
890,0.05573156103491783,3.9395177,0.2113084,2023-10-09
891,0.07898576557636261,3.982366,0.26460424,2023-10-10
892,0.06638336181640625,3.8907375,0.22912884,2023-10-11
893,0.06520024687051773,3.9360297,0.2324134,2023-10-12
894,0.08396513760089874,3.9745657,0.27633822,2023-10-13
895,0.06556965410709381,3.907898,0.23421627,2023-10-16
896,0.06730412691831589,3.9544404,0.22679895,2023-10-17
897,0.04611634090542793,3.865473,0.17017232,2023-10-18
898,0.06090690568089485,3.9539263,0.242997,2023-10-19
899,0.07573071122169495,3.96475,0.25946322,2023-10-20
900,0.0831899642944336,3.9778068,0.30691272,2023-10-23
901,0.07550911605358124,3.984312,0.26135084,2023-10-24
902,0.07269506901502609,3.898264,0.24320398,2023-10-25
903,0.04744027554988861,3.8201818,0.1633439,2023-10-26
904,0.06984015554189682,3.9213765,0.2401117,2023-10-27
905,0.0747801661491394,3.9647388,0.26680675,2023-10-30
906,0.051246315240859985,3.8358643,0.17623089,2023-10-31
907,0.05887953191995621,3.8896668,0.20753875,2023-11-01
908,0.07468286156654358,3.9708216,0.2602291,2023-11-02
909,0.04174172133207321,3.824079,0.14793704,2023-11-03
910,0.07763169705867767,3.9527073,0.26279953,2023-11-06
911,0.08098252862691879,3.933606,0.26998866,2023-11-07
912,0.07297631353139877,3.9284205,0.24603528,2023-11-08
913,0.0765589252114296,3.9674075,0.26094523,2023-11-09
914,0.07414567470550537,3.9473965,0.26682597,2023-11-10
915,0.07510481774806976,3.9385564,0.2568126,2023-11-13
916,0.060137491673231125,3.8769765,0.20775497,2023-11-14
917,0.06380338966846466,3.9789507,0.22518231,2023-11-15
918,0.06632427126169205,3.989575,0.24540067,2023-11-16
919,0.07385482639074326,3.9791932,0.25131136,2023-11-17
920,0.05103280395269394,3.82447,0.17217918,2023-11-20
921,0.06813124567270279,3.9810145,0.23874107,2023-11-21
922,0.08052029460668564,3.9736772,0.27540773,2023-11-22
923,0.06831241399049759,3.9135897,0.23771794,2023-11-24
