timestep,row_heterogeneity,row_entropy,dobrushin,date
0,0.02435668185353279,3.7807631,0.09021157,2020-03-26
1,0.052098583430051804,3.9072149,0.17546551,2020-03-27
2,0.042855944484472275,3.9112227,0.15751588,2020-03-30
3,0.05605310946702957,3.9310863,0.1998313,2020-03-31
4,0.042528241872787476,3.8792708,0.14813511,2020-04-01
5,0.03289805352687836,3.80961,0.13335577,2020-04-02
6,0.03396070748567581,3.6663978,0.12823454,2020-04-03
7,0.03805600851774216,3.7949014,0.1428958,2020-04-06
8,0.031270936131477356,3.761966,0.11107286,2020-04-07
9,0.042931172996759415,3.8454223,0.15423656,2020-04-08
10,0.04484690725803375,3.8685403,0.15626028,2020-04-09
11,0.03057827241718769,3.814101,0.10981961,2020-04-13
12,0.038701631128787994,3.8314533,0.15076967,2020-04-14
13,0.03664359450340271,3.666924,0.1332124,2020-04-15
14,0.03612368553876877,3.6646595,0.14030887,2020-04-16
15,0.035919979214668274,3.8144584,0.13026817,2020-04-17
16,0.03749538213014603,3.8196728,0.1403535,2020-04-20
17,0.03199068829417229,3.8128371,0.10782372,2020-04-21
18,0.021198060363531113,3.6608107,0.081483975,2020-04-22
19,0.03369739651679993,3.821093,0.12157941,2020-04-23
20,0.06685539335012436,3.9687295,0.245282,2020-04-24
21,0.026692552492022514,3.7673879,0.09974163,2020-04-27
22,0.04142620414495468,3.9006722,0.13867427,2020-04-28
23,0.022835910320281982,3.7016568,0.083679326,2020-04-29
24,0.036542609333992004,3.8253424,0.13570607,2020-04-30
25,0.04315507039427757,3.834283,0.16677392,2020-05-01
26,0.02374223619699478,3.7989197,0.09682173,2020-05-04
27,0.035173531621694565,3.8763118,0.1374818,2020-05-05
28,0.05547769367694855,3.9442513,0.2010364,2020-05-06
29,0.05466495454311371,3.966726,0.19967595,2020-05-07
30,0.05793003737926483,3.9628725,0.19249538,2020-05-08
31,0.046570152044296265,3.9269884,0.16375926,2020-05-11
32,0.03110118769109249,3.766743,0.12195082,2020-05-12
33,0.03621911257505417,3.6221306,0.14279822,2020-05-13
34,0.03288286179304123,3.2872467,0.13382645,2020-05-14
35,0.02875637821853161,3.631159,0.103130035,2020-05-15
36,0.04436194896697998,3.8906507,0.15595622,2020-05-18
37,0.03027140349149704,3.7457185,0.111637756,2020-05-19
38,0.024893086403608322,3.660459,0.09675356,2020-05-20
39,0.038738418370485306,3.85448,0.14276715,2020-05-21
40,0.06832512468099594,3.959974,0.2588916,2020-05-22
41,0.05255361646413803,3.913604,0.19933829,2020-05-26
42,0.032622240483760834,3.8017142,0.108523674,2020-05-27
43,0.04218645393848419,3.810443,0.15422119,2020-05-28
44,0.03541364148259163,3.8003335,0.12710588,2020-05-29
45,0.03661879897117615,3.7473981,0.1435382,2020-06-01
46,0.04201049357652664,3.8415766,0.14891717,2020-06-02
47,0.051329437643289566,3.918444,0.1831882,2020-06-03
48,0.06596221774816513,3.9738243,0.2375044,2020-06-04
49,0.03895885497331619,3.8569713,0.13764186,2020-06-05
50,0.05215708538889885,3.9549475,0.1781311,2020-06-08
51,0.059858959168195724,3.9435236,0.21965842,2020-06-09
52,0.05150285363197327,3.891726,0.18427214,2020-06-10
53,0.041130032390356064,3.8568916,0.15847443,2020-06-11
54,0.040699198842048645,3.8893788,0.15546148,2020-06-12
55,0.03306551277637482,3.8088021,0.12087616,2020-06-15
56,0.07151714712381363,3.9730716,0.25371876,2020-06-16
57,0.07085917890071869,3.972187,0.24694952,2020-06-17
58,0.03497663140296936,3.8537898,0.14135446,2020-06-18
59,0.06777981668710709,3.959631,0.25495255,2020-06-19
60,0.076215460896492,3.9671967,0.26803532,2020-06-22
61,0.0520193912088871,3.9426172,0.1915694,2020-06-23
62,0.0707201436161995,3.9776394,0.26235443,2020-06-24
63,0.07644889503717422,3.9715965,0.2783622,2020-06-25
64,0.07344935834407806,3.9579313,0.25097618,2020-06-26
65,0.05045333504676819,3.9355106,0.21060449,2020-06-29
66,0.08013401180505753,3.9713283,0.27430013,2020-06-30
67,0.06685086339712143,3.965318,0.22812387,2020-07-01
68,0.0725174993276596,3.9709466,0.27424762,2020-07-02
69,0.0772603452205658,3.9611685,0.26955,2020-07-06
70,0.08238421380519867,3.9676979,0.27874932,2020-07-07
71,0.06548500806093216,3.9714682,0.2532298,2020-07-08
72,0.07698288559913635,3.9776862,0.2648309,2020-07-09
73,0.07188908755779266,3.9800258,0.26805308,2020-07-10
74,0.07270532101392746,3.978488,0.23725204,2020-07-13
75,0.07347285002470016,3.9821224,0.25871202,2020-07-14
76,0.07531998306512833,3.9799705,0.26282805,2020-07-15
77,0.0700572207570076,3.9765851,0.24320886,2020-07-16
78,0.06884726881980896,3.9712749,0.26321152,2020-07-17
79,0.06349093466997147,3.9392006,0.24098128,2020-07-20
80,0.08009786903858185,3.9714417,0.30138013,2020-07-21
81,0.06624549627304077,3.949597,0.23964788,2020-07-22
82,0.07407630980014801,3.9718716,0.25967368,2020-07-23
83,0.0751693844795227,3.9750876,0.27322754,2020-07-24
84,0.07404947280883789,3.9672396,0.26035255,2020-07-27
85,0.07714133709669113,3.979397,0.26647183,2020-07-28
86,0.07121241092681885,3.9831092,0.24736437,2020-07-29
87,0.07636328786611557,3.9703085,0.26787588,2020-07-30
88,0.07362204790115356,3.9744318,0.2627636,2020-07-31
89,0.060194455087184906,3.9617078,0.22523986,2020-08-03
90,0.0786847323179245,3.971109,0.28454885,2020-08-04
91,0.07129781693220139,3.953023,0.24436519,2020-08-05
92,0.04879843443632126,3.9254196,0.17263651,2020-08-06
93,0.05863058567047119,3.939544,0.21626833,2020-08-07
94,0.048929933458566666,3.8913493,0.1663447,2020-08-10
95,0.0671456828713417,3.9464355,0.25731212,2020-08-11
96,0.0489107109606266,3.8989747,0.17851458,2020-08-12
97,0.07410110533237457,3.973531,0.26671568,2020-08-13
98,0.06899099797010422,3.9514155,0.2557305,2020-08-14
99,0.04778363183140755,3.905275,0.16975816,2020-08-17
100,0.06165502220392227,3.9421034,0.23855977,2020-08-18
101,0.06615011394023895,3.9660645,0.24036297,2020-08-19
102,0.05295949429273605,3.9112139,0.20077534,2020-08-20
103,0.04857340455055237,3.8909914,0.18509287,2020-08-21
104,0.06172466278076172,3.9306333,0.23122366,2020-08-24
105,0.04693959653377533,3.883728,0.1709348,2020-08-25
106,0.04965601861476898,3.879712,0.18106668,2020-08-26
107,0.07579217851161957,3.9658594,0.27108228,2020-08-27
108,0.05865737050771713,3.9447703,0.20519897,2020-08-28
109,0.0639137327671051,3.9764686,0.21960542,2020-08-31
110,0.054212119430303574,3.9377303,0.2022161,2020-09-01
111,0.06840957701206207,3.9638677,0.23790056,2020-09-02
112,0.07088340073823929,3.9729671,0.2524819,2020-09-03
113,0.05664697661995888,3.9588485,0.21441787,2020-09-04
114,0.05745997652411461,3.9518905,0.19846414,2020-09-08
115,0.06676153093576431,3.9778724,0.26183423,2020-09-09
116,0.0735529363155365,3.969321,0.249325,2020-09-10
117,0.06764061748981476,3.984466,0.24368858,2020-09-11
118,0.07164820283651352,3.9750116,0.2541115,2020-09-14
119,0.06003347411751747,3.9607816,0.20510007,2020-09-15
120,0.04592861235141754,3.8969154,0.17752466,2020-09-16
121,0.0554073192179203,3.9048028,0.20587741,2020-09-17
122,0.06582415848970413,3.960753,0.23318104,2020-09-18
123,0.06299649924039841,3.9538333,0.23561041,2020-09-21
124,0.05218333378434181,3.892548,0.19885428,2020-09-22
125,0.06705336272716522,3.9563797,0.23329338,2020-09-23
126,0.05728744715452194,3.9484224,0.22651131,2020-09-24
127,0.08271129429340363,3.9775207,0.27722353,2020-09-25
128,0.057154927402734756,3.9462454,0.1968694,2020-09-28
129,0.07187449932098389,3.9620814,0.26736483,2020-09-29
130,0.04063797369599342,3.7956953,0.15220876,2020-09-30
131,0.044395312666893005,3.8540814,0.16951784,2020-10-01
132,0.04849899187684059,3.8717682,0.17521597,2020-10-02
133,0.06635718047618866,3.9635963,0.23170315,2020-10-05
134,0.059075549244880676,3.9399285,0.2080099,2020-10-06
135,0.04091498255729675,3.904088,0.13618998,2020-10-07
136,0.05265529081225395,3.9416912,0.19983663,2020-10-08
137,0.042770564556121826,3.9101596,0.14780563,2020-10-09
138,0.02831113152205944,3.7073877,0.111277215,2020-10-12
139,0.026540406048297882,3.817875,0.08856243,2020-10-13
140,0.01368012372404337,3.5504143,0.050149363,2020-10-14
141,0.05713839456439018,3.9513595,0.22178897,2020-10-15
142,0.06799042224884033,3.9569833,0.24177027,2020-10-16
143,0.015080945566296577,3.6451626,0.063021205,2020-10-19
144,0.06994166970252991,3.9496703,0.24427283,2020-10-20
145,0.07314028590917587,3.98065,0.25810632,2020-10-21
146,0.06908567249774933,3.9733229,0.24448712,2020-10-22
147,0.0666651725769043,3.9773962,0.23475274,2020-10-23
148,0.06321591883897781,3.969449,0.24659012,2020-10-26
149,0.07193376123905182,3.971518,0.2452563,2020-10-27
150,0.06289515644311905,3.9847019,0.21323058,2020-10-28
151,0.06402818858623505,3.985597,0.23945865,2020-10-29
152,0.07876740396022797,3.969961,0.27148226,2020-10-30
153,0.07763288170099258,3.9536686,0.28386718,2020-11-02
154,0.05002359300851822,3.9424615,0.1847756,2020-11-03
155,0.06392709910869598,3.8592744,0.22614343,2020-11-04
156,0.07609593868255615,3.969691,0.27112287,2020-11-05
157,0.07494504004716873,3.9313078,0.2578537,2020-11-06
158,0.0769108310341835,3.9761133,0.29157513,2020-11-09
159,0.04038366302847862,3.9278746,0.13977893,2020-11-10
160,0.0787021666765213,3.9726698,0.278393,2020-11-11
161,0.0818863958120346,3.9775765,0.2944968,2020-11-12
162,0.07762317359447479,3.9747248,0.2844074,2020-11-13
163,0.08503973484039307,3.9136474,0.29068363,2020-11-16
164,0.07170609384775162,3.9774597,0.24410783,2020-11-17
165,0.07488688826560974,3.9448023,0.26036555,2020-11-18
166,0.07985667884349823,3.9750316,0.2803568,2020-11-19
167,0.06785523146390915,3.9592085,0.2323775,2020-11-20
168,0.07226040959358215,3.9720838,0.26408643,2020-11-23
169,0.05707462131977081,3.9311259,0.20484215,2020-11-24
170,0.07611221820116043,3.9754412,0.2503682,2020-11-25
171,0.07708993554115295,3.9677165,0.27555108,2020-11-27
172,0.07424340397119522,3.910796,0.27454615,2020-11-30
173,0.0786127820611,3.9500413,0.28548872,2020-12-01
174,0.07492877542972565,3.969673,0.2699402,2020-12-02
175,0.07560403645038605,3.9814408,0.25429124,2020-12-03
176,0.0792674794793129,3.9631445,0.2815618,2020-12-04
177,0.08127498626708984,3.9727151,0.2765839,2020-12-07
178,0.06424703449010849,3.9855,0.21954778,2020-12-08
179,0.05486539751291275,3.9731596,0.19161865,2020-12-09
180,0.0716988742351532,3.947468,0.26068586,2020-12-10
181,0.07680735737085342,3.9429612,0.26951557,2020-12-11
182,0.04596048593521118,3.9420443,0.18129884,2020-12-14
183,0.07057955116033554,3.9778764,0.2725222,2020-12-15
184,0.06907585263252258,3.972421,0.23052949,2020-12-16
185,0.07592286914587021,3.9710813,0.2898756,2020-12-17
186,0.08076447993516922,3.9616578,0.2890793,2020-12-18
187,0.07882658392190933,3.9461684,0.2775556,2020-12-21
188,0.07981293648481369,3.9707792,0.28365037,2020-12-22
189,0.07727330923080444,3.969511,0.2704652,2020-12-23
190,0.07769609242677689,3.972813,0.27002493,2020-12-24
191,0.06761732697486877,3.949476,0.2470077,2020-12-28
192,0.07568713277578354,3.9565272,0.28171432,2020-12-29
193,0.054171543568372726,3.9111097,0.18896504,2020-12-30
194,0.07874774187803268,3.9787626,0.29086116,2020-12-31
195,0.0802111029624939,3.9687912,0.26649544,2021-01-04
196,0.06789253652095795,3.9634955,0.24519812,2021-01-05
197,0.07025372236967087,3.974977,0.24663752,2021-01-06
198,0.060020558536052704,3.9706254,0.21096486,2021-01-07
199,0.0741688460111618,3.9441755,0.2608606,2021-01-08
200,0.0736234113574028,3.9759765,0.26961634,2021-01-11
201,0.07390410453081131,3.9649951,0.26588622,2021-01-12
202,0.0760544165968895,3.9600546,0.27658355,2021-01-13
203,0.07922443002462387,3.920166,0.27810276,2021-01-14
204,0.07518914341926575,3.9742055,0.26917967,2021-01-15
205,0.07212548702955246,3.964356,0.25321895,2021-01-19
206,0.07330372184515,3.9707527,0.26031858,2021-01-20
207,0.07174752652645111,3.9676273,0.26388288,2021-01-21
208,0.07347221672534943,3.9706335,0.25981846,2021-01-22
209,0.06657516956329346,3.9797604,0.24857746,2021-01-25
210,0.07262835651636124,3.9336753,0.25386837,2021-01-26
211,0.06278342008590698,3.9784143,0.21790884,2021-01-27
212,0.06456451863050461,3.971498,0.2570923,2021-01-28
213,0.07791878283023834,3.962006,0.2849233,2021-01-29
214,0.0723545253276825,3.9679368,0.2564133,2021-02-01
215,0.06273866444826126,3.9728427,0.22792728,2021-02-02
216,0.0770271047949791,3.977903,0.26022828,2021-02-03
217,0.07432647794485092,3.975864,0.26700455,2021-02-04
218,0.059936486184597015,3.9530034,0.20632884,2021-02-05
219,0.07292856276035309,3.9681664,0.25776538,2021-02-08
220,0.07441935688257217,3.9660437,0.26556548,2021-02-09
221,0.07107140123844147,3.9406495,0.24574515,2021-02-10
222,0.06920406967401505,3.9809945,0.2548098,2021-02-11
223,0.06880837678909302,3.9544706,0.24712619,2021-02-12
224,0.07544036209583282,3.9797404,0.26454046,2021-02-16
225,0.07393327355384827,3.9489753,0.26662952,2021-02-17
226,0.07424327731132507,3.9752548,0.25336087,2021-02-18
227,0.07102782279253006,3.977366,0.2572417,2021-02-19
228,0.08280299603939056,3.9505405,0.29152915,2021-02-22
229,0.07877026498317719,3.9404857,0.2775944,2021-02-23
230,0.07863286882638931,3.913642,0.28506547,2021-02-24
231,0.08246107399463654,3.9305425,0.29012358,2021-02-25
232,0.07059941440820694,3.905591,0.2484909,2021-02-26
233,0.07372971624135971,3.9808457,0.25498948,2021-03-01
234,0.07556445896625519,3.8963304,0.27719545,2021-03-02
235,0.07466500252485275,3.9215896,0.2636181,2021-03-03
236,0.0713646188378334,3.9357345,0.26186237,2021-03-04
237,0.0676414743065834,3.8851752,0.24446319,2021-03-05
238,0.06934799253940582,3.878479,0.24452797,2021-03-08
239,0.061404403299093246,3.8593848,0.22389413,2021-03-09
240,0.07772502303123474,3.916821,0.26654696,2021-03-10
241,0.0703153982758522,3.8886323,0.24747276,2021-03-11
242,0.07271470129489899,3.908879,0.25315034,2021-03-12
243,0.06231670826673508,3.838588,0.22010711,2021-03-15
244,0.07432211190462112,3.8990788,0.27120805,2021-03-16
245,0.06884612143039703,3.8845875,0.24331054,2021-03-17
246,0.07568196207284927,3.9572027,0.27025497,2021-03-18
247,0.06191401183605194,3.8963976,0.21459551,2021-03-19
248,0.07970473915338516,3.9642289,0.2835539,2021-03-22
249,0.0830230787396431,3.9558141,0.31111383,2021-03-23
250,0.07626942545175552,3.942949,0.26548678,2021-03-24
251,0.07070949673652649,3.9144332,0.25602376,2021-03-25
252,0.07153819501399994,3.9179084,0.24525496,2021-03-26
253,0.06351367384195328,3.894851,0.23496525,2021-03-29
254,0.07021885365247726,3.9300086,0.25615856,2021-03-30
255,0.07214410603046417,3.9023426,0.25301638,2021-03-31
256,0.0710238516330719,3.9610531,0.25949714,2021-04-01
257,0.07042980939149857,3.8946455,0.2546105,2021-04-05
258,0.07532760500907898,3.9136803,0.26545066,2021-04-06
259,0.07621936500072479,3.926781,0.26407105,2021-04-07
260,0.06536553055047989,3.8935223,0.23799856,2021-04-08
261,0.06711117178201675,3.8898742,0.23537126,2021-04-09
262,0.06560472398996353,3.9000194,0.22727755,2021-04-12
263,0.07285307347774506,3.9410956,0.26509956,2021-04-13
264,0.08547183871269226,3.9515336,0.3168241,2021-04-14
265,0.08485886454582214,3.9543288,0.30587247,2021-04-15
266,0.0834757387638092,3.9506774,0.28589794,2021-04-16
267,0.05566663295030594,3.8750117,0.19944616,2021-04-19
268,0.06881504505872726,3.9237795,0.24063337,2021-04-20
269,0.07800795137882233,3.956201,0.28435424,2021-04-21
270,0.08072351664304733,3.9435573,0.28927517,2021-04-22
271,0.07709964364767075,3.9294903,0.28145698,2021-04-23
272,0.06367485970258713,3.857862,0.2200241,2021-04-26
273,0.07192480564117432,3.9276533,0.24740802,2021-04-27
274,0.07066628336906433,3.888436,0.24887632,2021-04-28
275,0.07637099921703339,3.9065523,0.26163352,2021-04-29
276,0.06394102424383163,3.8668792,0.22450225,2021-04-30
277,0.07155968993902206,3.9133856,0.2581811,2021-05-03
278,0.05975567176938057,3.831865,0.20751855,2021-05-04
279,0.0665372833609581,3.8887393,0.23278968,2021-05-05
280,0.06584926694631577,3.8503785,0.2364748,2021-05-06
281,0.06496745347976685,3.8502674,0.22593246,2021-05-07
282,0.07275380194187164,3.891006,0.26107278,2021-05-10
283,0.07627948373556137,3.9008775,0.27304804,2021-05-11
284,0.0706700012087822,3.875506,0.26384684,2021-05-12
285,0.07946819067001343,3.921412,0.2838865,2021-05-13
286,0.0728701502084732,3.9074402,0.2520047,2021-05-14
287,0.07606151700019836,3.8755305,0.26789778,2021-05-17
288,0.08394714444875717,3.945169,0.2868512,2021-05-18
289,0.07807597517967224,3.9743142,0.27628842,2021-05-19
290,0.08393615484237671,3.9600086,0.31685653,2021-05-20
291,0.07931088656187057,3.9447696,0.28608388,2021-05-21
292,0.08001059293746948,3.9514182,0.2747086,2021-05-24
293,0.06522288918495178,3.8819664,0.2352911,2021-05-25
294,0.07670329511165619,3.9505546,0.2756002,2021-05-26
295,0.06953305751085281,3.8941593,0.2506097,2021-05-27
296,0.06947385519742966,3.9696605,0.24511553,2021-05-28
297,0.0706331878900528,3.8847702,0.25143695,2021-06-01
298,0.07838943600654602,3.9277532,0.27061632,2021-06-02
299,0.06133445352315903,3.8535762,0.22055419,2021-06-03
300,0.07203437387943268,3.908447,0.2589622,2021-06-04
301,0.07946999371051788,3.935852,0.27411258,2021-06-07
302,0.0757831484079361,3.8879347,0.27299744,2021-06-08
303,0.08031583577394485,3.9365714,0.28951496,2021-06-09
304,0.08182740211486816,3.9522314,0.2993605,2021-06-10
305,0.07453436404466629,3.9316282,0.25618052,2021-06-11
306,0.06979358941316605,3.9763558,0.24588306,2021-06-14
307,0.0782582238316536,3.944824,0.28034964,2021-06-15
308,0.07921399176120758,3.9614272,0.27312174,2021-06-16
309,0.06452159583568573,3.9692466,0.24741788,2021-06-17
310,0.07393527776002884,3.96528,0.29177973,2021-06-18
311,0.07605850696563721,3.9585607,0.28542885,2021-06-21
312,0.07320830971002579,3.9729693,0.24315518,2021-06-22
313,0.06643018871545792,3.9788854,0.22762245,2021-06-23
314,0.07509823888540268,3.9734373,0.26612985,2021-06-24
315,0.07929215580224991,3.9281926,0.2744246,2021-06-25
316,0.07152164727449417,3.9589708,0.25933334,2021-06-28
317,0.07068487256765366,3.8791573,0.25555733,2021-06-29
318,0.07425791770219803,3.8663583,0.25632963,2021-06-30
319,0.07667845487594604,3.919043,0.2620448,2021-07-01
320,0.07364679127931595,3.914081,0.26993403,2021-07-02
321,0.07319451868534088,3.8792386,0.2597242,2021-07-06
322,0.07563826441764832,3.9338114,0.26856744,2021-07-07
323,0.06943436712026596,3.8859675,0.25193125,2021-07-08
324,0.07193681597709656,3.8975792,0.2497276,2021-07-09
325,0.06639894843101501,3.9113393,0.22606367,2021-07-12
326,0.07041425257921219,3.9149854,0.24728909,2021-07-13
327,0.06477446109056473,3.854821,0.22738698,2021-07-14
328,0.07052785158157349,3.926382,0.24984898,2021-07-15
329,0.0666394904255867,3.9145103,0.24490406,2021-07-16
330,0.0784766897559166,3.9186208,0.28965753,2021-07-19
331,0.08050771057605743,3.9482121,0.30641964,2021-07-20
332,0.0814477726817131,3.943486,0.28925437,2021-07-21
333,0.08934776484966278,3.9353366,0.30786186,2021-07-22
334,0.08817775547504425,3.9509118,0.31052053,2021-07-23
335,0.07004407048225403,3.8534553,0.23953894,2021-07-26
336,0.06319345533847809,3.8542974,0.22337364,2021-07-27
337,0.06095233932137489,3.8557136,0.21827474,2021-07-28
338,0.07267961651086807,3.9315455,0.24952066,2021-07-29
339,0.06993842124938965,3.880564,0.24988303,2021-07-30
340,0.07672199606895447,3.9377372,0.27477905,2021-08-02
341,0.07905327528715134,3.9546254,0.28946608,2021-08-03
342,0.07740022987127304,3.9270258,0.2759846,2021-08-04
343,0.07070443779230118,3.859135,0.25272015,2021-08-05
344,0.07432562112808228,3.924894,0.26072583,2021-08-06
345,0.07969105243682861,3.9366608,0.2728623,2021-08-09
346,0.07485184073448181,3.8832774,0.2632393,2021-08-10
347,0.08269043266773224,3.9278889,0.28563398,2021-08-11
348,0.07745940238237381,3.9224114,0.26993233,2021-08-12
349,0.08192397654056549,3.937803,0.28829405,2021-08-13
350,0.07895354926586151,3.9541173,0.27814013,2021-08-16
351,0.07959574460983276,3.9533882,0.29229116,2021-08-17
352,0.0798233151435852,3.936823,0.28449622,2021-08-18
353,0.07552023231983185,3.9498184,0.27158916,2021-08-19
354,0.077875517308712,3.972793,0.292338,2021-08-20
355,0.0826147049665451,3.9647436,0.29555783,2021-08-23
356,0.08376525342464447,3.9656823,0.301353,2021-08-24
357,0.06882581859827042,3.8940632,0.24058804,2021-08-25
358,0.060110803693532944,3.8816376,0.21053573,2021-08-26
359,0.0724145770072937,3.9728394,0.26686758,2021-08-27
360,0.07477686554193497,3.975954,0.25622055,2021-08-30
361,0.07948292791843414,3.9516206,0.30006245,2021-08-31
362,0.07692230492830276,3.967048,0.28797987,2021-09-01
363,0.08380280435085297,3.9422135,0.30705047,2021-09-02
364,0.07042282819747925,3.9759986,0.2584784,2021-09-03
365,0.07143573462963104,3.9066691,0.2571205,2021-09-07
366,0.07455068081617355,3.9413686,0.26101106,2021-09-08
367,0.07074490189552307,3.9142792,0.25329286,2021-09-09
368,0.0733555480837822,3.93283,0.26366296,2021-09-10
369,0.07290453463792801,3.9225786,0.26154864,2021-09-13
370,0.08151990920305252,3.9394364,0.28752923,2021-09-14
371,0.08381876349449158,3.9590797,0.2995685,2021-09-15
372,0.07484123855829239,3.898509,0.2605059,2021-09-16
373,0.06154188513755798,3.8437054,0.21620554,2021-09-17
374,0.04881889745593071,3.8041878,0.17713849,2021-09-20
375,0.06421665847301483,3.90435,0.23456146,2021-09-21
376,0.07092508673667908,3.902754,0.24733329,2021-09-22
377,0.07476170361042023,3.8877196,0.25811034,2021-09-23
378,0.05874783918261528,3.820377,0.21833347,2021-09-24
379,0.06500006467103958,3.8607552,0.22689466,2021-09-27
380,0.07036622613668442,3.9081914,0.24354468,2021-09-28
381,0.06827769428491592,3.9305282,0.25988865,2021-09-29
382,0.07120848447084427,3.8726895,0.2481272,2021-09-30
383,0.07437431067228317,3.9094086,0.26618683,2021-10-01
384,0.06692502647638321,3.8472612,0.23802847,2021-10-04
385,0.05947986617684364,3.8007028,0.21143335,2021-10-05
386,0.06002441793680191,3.8031697,0.2175208,2021-10-06
387,0.06704733520746231,3.852853,0.23794852,2021-10-07
388,0.07200545072555542,3.8612483,0.26274535,2021-10-08
389,0.07477660477161407,3.8884208,0.2718761,2021-10-11
390,0.06489450484514236,3.8489225,0.23649457,2021-10-12
391,0.07838822901248932,3.941236,0.2868689,2021-10-13
392,0.07481344789266586,3.8518145,0.25963584,2021-10-14
393,0.07736168056726456,3.8783045,0.27156016,2021-10-15
394,0.07481631636619568,3.9086547,0.25953555,2021-10-18
395,0.06793074309825897,3.8524206,0.23349677,2021-10-19
396,0.07002605497837067,3.8775358,0.24820726,2021-10-20
397,0.06322658807039261,3.8236222,0.23244485,2021-10-21
398,0.07360611110925674,3.8753245,0.26496422,2021-10-22
399,0.08271040767431259,3.931236,0.28745976,2021-10-25
400,0.07766030728816986,3.9252813,0.2650445,2021-10-26
401,0.07190731912851334,3.945818,0.25058958,2021-10-27
402,0.07137395441532135,3.9688463,0.25406837,2021-10-28
403,0.08951234072446823,3.9534652,0.31862903,2021-10-29
404,0.057461634278297424,3.9265554,0.21496794,2021-11-01
405,0.07578510791063309,3.9692624,0.28457594,2021-11-02
406,0.07997162640094757,3.9602685,0.28627682,2021-11-03
407,0.054119281470775604,3.9425128,0.1875867,2021-11-04
408,0.07341333478689194,3.9820564,0.27808285,2021-11-05
409,0.08038802444934845,3.9376218,0.27135694,2021-11-08
410,0.06697186827659607,3.931722,0.23397255,2021-11-09
411,0.06993439048528671,3.9773064,0.26609048,2021-11-10
412,0.06889182329177856,3.8605952,0.23587176,2021-11-11
413,0.08013837784528732,3.9629261,0.28925958,2021-11-12
414,0.08601150661706924,3.9528778,0.3177176,2021-11-15
415,0.08380471915006638,3.9425924,0.2847826,2021-11-16
416,0.07908472418785095,3.9502025,0.2785541,2021-11-17
417,0.06783289462327957,3.9798424,0.24235328,2021-11-18
418,0.07961586862802505,3.971436,0.2919651,2021-11-19
419,0.0891699567437172,3.9541585,0.3300263,2021-11-22
420,0.07817526161670685,3.9430919,0.25982827,2021-11-23
421,0.06517002731561661,3.8868055,0.22808559,2021-11-24
422,0.06904998421669006,3.8892496,0.24919899,2021-11-26
423,0.07432485371828079,3.92736,0.26700813,2021-11-29
424,0.07265032827854156,3.9114907,0.26717582,2021-11-30
425,0.07590512186288834,3.89966,0.28029233,2021-12-01
426,0.07370984554290771,3.8819222,0.26785567,2021-12-02
427,0.07813352346420288,3.9025798,0.26636487,2021-12-03
428,0.07131442427635193,3.914272,0.24627084,2021-12-06
429,0.060745541006326675,3.980574,0.20513926,2021-12-07
430,0.08257324248552322,3.9265642,0.29587725,2021-12-08
431,0.0820627361536026,3.9392567,0.2856932,2021-12-09
432,0.07270180433988571,3.97174,0.26739123,2021-12-10
433,0.07224645465612411,3.9300075,0.27013046,2021-12-13
434,0.07237663120031357,3.9131455,0.25853854,2021-12-14
435,0.07038471102714539,3.977912,0.25757498,2021-12-15
436,0.07807835191488266,3.97517,0.2951925,2021-12-16
437,0.07179427891969681,3.9726787,0.2607042,2021-12-17
438,0.06424324214458466,3.9326713,0.25884876,2021-12-20
439,0.07528229057788849,3.9581418,0.27757144,2021-12-21
440,0.05909636616706848,3.936991,0.21354297,2021-12-22
441,0.04249497130513191,3.8408525,0.15461308,2021-12-23
442,0.05923876538872719,3.9166644,0.20648347,2021-12-27
443,0.07449158281087875,3.9757724,0.25709304,2021-12-28
444,0.07857143878936768,3.9760895,0.26736477,2021-12-29
445,0.08481061458587646,3.9729354,0.29357976,2021-12-30
446,0.07723982632160187,3.9775343,0.26651633,2021-12-31
447,0.06435041129589081,3.9057686,0.22923589,2022-01-03
448,0.0712473914027214,3.953649,0.24186447,2022-01-04
449,0.06805112212896347,3.9749005,0.23140234,2022-01-05
450,0.07883532345294952,3.9705055,0.29582262,2022-01-06
451,0.07861670851707458,3.9682581,0.26323166,2022-01-07
452,0.0718579962849617,3.9527261,0.25482845,2022-01-10
453,0.07635387033224106,3.9355352,0.26109135,2022-01-11
454,0.0766538456082344,3.9722116,0.27150303,2022-01-12
455,0.06067119911313057,3.9631522,0.22967668,2022-01-13
456,0.08136710524559021,3.9710815,0.29996437,2022-01-14
457,0.0736982598900795,3.9618611,0.2799887,2022-01-18
458,0.07189270108938217,3.9761324,0.2625735,2022-01-19
459,0.06138167902827263,3.9437895,0.228613,2022-01-20
460,0.0827530100941658,3.9632642,0.3053169,2022-01-21
461,0.06450361013412476,3.923691,0.23987123,2022-01-24
462,0.05652377009391785,3.9409652,0.20832327,2022-01-25
463,0.06395386159420013,3.9404883,0.23264505,2022-01-26
464,0.056083258241415024,3.9039912,0.20275086,2022-01-27
465,0.05222097411751747,3.931279,0.185106,2022-01-28
466,0.04323556646704674,3.8809764,0.1516763,2022-01-31
467,0.05639217048883438,3.869658,0.21302265,2022-02-01
468,0.04040488973259926,3.7761693,0.13433546,2022-02-02
469,0.033387064933776855,3.8159878,0.1263006,2022-02-03
470,0.04284894838929176,3.834912,0.15710308,2022-02-04
471,0.044327326118946075,3.7312384,0.15854527,2022-02-07
472,0.0364312082529068,3.7816556,0.13434191,2022-02-08
473,0.040925316512584686,3.8710275,0.14041033,2022-02-09
474,0.05305248871445656,3.9160128,0.19367494,2022-02-10
475,0.059794627130031586,3.924359,0.21861301,2022-02-11
476,0.07198793441057205,3.9687223,0.25185275,2022-02-14
477,0.054790765047073364,3.9408033,0.20642704,2022-02-15
478,0.06200437620282173,3.9758523,0.2119149,2022-02-16
479,0.06541011482477188,3.9843009,0.2291085,2022-02-17
480,0.06447429955005646,3.9729455,0.24361986,2022-02-18
481,0.08346729725599289,3.957035,0.29389608,2022-02-22
482,0.05088598653674126,3.9481018,0.18811788,2022-02-23
483,0.08059094101190567,3.9788015,0.3003745,2022-02-24
484,0.07767598330974579,3.9588304,0.28186744,2022-02-25
485,0.07697158306837082,3.973474,0.26185817,2022-02-28
486,0.0764070376753807,3.977001,0.28967988,2022-03-01
487,0.08233044296503067,3.9656205,0.28928447,2022-03-02
488,0.07289379090070724,3.9739816,0.25811484,2022-03-03
489,0.07188960909843445,3.9379313,0.27331463,2022-03-04
490,0.08684961497783661,3.957721,0.30961704,2022-03-07
491,0.08050818741321564,3.9682176,0.29761598,2022-03-08
492,0.0778670683503151,3.9690878,0.2764083,2022-03-09
493,0.07099036127328873,3.9383397,0.24437286,2022-03-10
494,0.08262937515974045,3.970246,0.29575148,2022-03-11
495,0.0790749192237854,3.960766,0.27996477,2022-03-14
496,0.07570451498031616,3.9797623,0.25650337,2022-03-15
497,0.09119222313165665,3.9670682,0.3125651,2022-03-16
498,0.06362514197826385,3.9385157,0.2138295,2022-03-17
499,0.07652099430561066,3.9689476,0.27365816,2022-03-18
500,0.07512814551591873,3.9798138,0.26425794,2022-03-21
501,0.07679044455289841,3.9704862,0.27114496,2022-03-22
502,0.07699824869632721,3.9815192,0.2587409,2022-03-23
503,0.06911394745111465,3.9710913,0.2611275,2022-03-24
504,0.07704012840986252,3.9408169,0.2939812,2022-03-25
505,0.045047126710414886,3.8558557,0.16823119,2022-03-28
506,0.056056439876556396,3.9228077,0.22393195,2022-03-29
507,0.06940843164920807,3.9305842,0.24323687,2022-03-30
508,0.05328328534960747,3.920578,0.19368315,2022-03-31
509,0.0530695840716362,3.9047718,0.20699942,2022-04-01
510,0.06405354291200638,3.925415,0.2236137,2022-04-04
511,0.07904627919197083,3.9649677,0.27077118,2022-04-05
512,0.04044349864125252,3.9027095,0.14871685,2022-04-06
513,0.05569851025938988,3.9416447,0.20486881,2022-04-07
514,0.04903748258948326,3.8537781,0.18518049,2022-04-08
515,0.052793052047491074,3.8816462,0.20136023,2022-04-11
516,0.041059710085392,3.8201814,0.15871271,2022-04-12
517,0.05993999168276787,3.9161427,0.21895292,2022-04-13
518,0.07864126563072205,3.9524903,0.27697334,2022-04-14
519,0.07249106466770172,3.9783545,0.26065612,2022-04-18
520,0.0722913146018982,3.9758098,0.25467473,2022-04-19
521,0.040602266788482666,3.8547935,0.14017625,2022-04-20
522,0.0424778088927269,3.871156,0.15875627,2022-04-21
523,0.04875447228550911,3.8779218,0.1849136,2022-04-22
524,0.05052638798952103,3.904551,0.18643345,2022-04-25
525,0.037394918501377106,3.8858123,0.13270621,2022-04-26
526,0.04586843028664589,3.914017,0.17183816,2022-04-27
527,0.0766477957367897,3.9715137,0.26412374,2022-04-28
528,0.0762350857257843,3.9815013,0.26216733,2022-04-29
529,0.0395364947617054,3.9111843,0.1523404,2022-05-02
530,0.07728613913059235,3.9764643,0.2676827,2022-05-03
531,0.0856446623802185,3.9736907,0.30271208,2022-05-04
532,0.05706353858113289,3.9335966,0.20093119,2022-05-05
533,0.06622675806283951,3.9694734,0.2553901,2022-05-06
534,0.08293814957141876,3.9732244,0.28994164,2022-05-09
535,0.07808546721935272,3.975304,0.27208567,2022-05-10
536,0.062242332845926285,3.946341,0.23452352,2022-05-11
537,0.050316791981458664,3.874558,0.19293351,2022-05-12
538,0.04243434965610504,3.755714,0.16065761,2022-05-13
539,0.04353190213441849,3.7535892,0.16297704,2022-05-16
540,0.06226484850049019,3.9085367,0.21997051,2022-05-17
541,0.04998134449124336,3.9060535,0.17290786,2022-05-18
542,0.05097208172082901,3.9074705,0.19500469,2022-05-19
543,0.06043153628706932,3.9059381,0.2100114,2022-05-20
544,0.0728718563914299,3.9754052,0.25047705,2022-05-23
545,0.06018597260117531,3.949421,0.20585668,2022-05-24
546,0.0661240667104721,3.9534643,0.23581176,2022-05-25
547,0.04068855941295624,3.8952744,0.13967855,2022-05-26
548,0.047921862453222275,3.9069107,0.16863544,2022-05-27
549,0.06488408893346786,3.928553,0.22662362,2022-05-31
550,0.06257368624210358,3.9282568,0.21975172,2022-06-01
551,0.04198792949318886,3.8781445,0.16534139,2022-06-02
552,0.0649215579032898,3.941898,0.22542585,2022-06-03
553,0.07338672131299973,3.9761527,0.26276386,2022-06-06
554,0.07760772109031677,3.9638689,0.27122667,2022-06-07
555,0.07574146240949631,3.9784997,0.26575902,2022-06-08
556,0.06964176148176193,3.9746664,0.25396538,2022-06-09
557,0.07010109722614288,3.9541457,0.26172176,2022-06-10
558,0.07102613151073456,3.9613817,0.26645458,2022-06-13
559,0.06369899213314056,3.9420054,0.25048864,2022-06-14
560,0.053848810493946075,3.8897724,0.19571696,2022-06-15
561,0.05643315240740776,3.946747,0.19212477,2022-06-16
562,0.037890732288360596,3.875297,0.14193395,2022-06-17
563,0.06373967230319977,3.9735296,0.2165685,2022-06-21
564,0.07984672486782074,3.97491,0.2938986,2022-06-22
565,0.049324072897434235,3.931352,0.18729968,2022-06-23
566,0.0831330195069313,3.9756176,0.29712498,2022-06-24
567,0.045669909566640854,3.8768694,0.16326593,2022-06-27
568,0.08974628895521164,3.9721243,0.31870744,2022-06-28
569,0.07050393521785736,3.9678273,0.25097358,2022-06-29
570,0.078548863530159,3.9781184,0.28361103,2022-06-30
571,0.07391782104969025,3.9790769,0.2540574,2022-07-01
572,0.07637421786785126,3.9744706,0.2645179,2022-07-05
573,0.07470046728849411,3.9562345,0.27817732,2022-07-06
574,0.07958460599184036,3.9756756,0.27067587,2022-07-07
575,0.08031472563743591,3.9770908,0.2833204,2022-07-08
576,0.07980501651763916,3.9787536,0.2760917,2022-07-11
577,0.07827675342559814,3.979885,0.27695635,2022-07-12
578,0.0810483768582344,3.978415,0.2863006,2022-07-13
579,0.07543657720088959,3.981269,0.26267198,2022-07-14
580,0.0719800516963005,3.9811127,0.25588205,2022-07-15
581,0.06498029828071594,3.9600413,0.22356467,2022-07-18
582,0.08208116888999939,3.9587798,0.2873475,2022-07-19
583,0.07474561035633087,3.9723532,0.26132423,2022-07-20
584,0.08784856647253036,3.9708931,0.3155833,2022-07-21
585,0.0741143450140953,3.9676247,0.26403618,2022-07-22
586,0.07839935272932053,3.9673743,0.28733185,2022-07-25
587,0.07193441689014435,3.9398825,0.26899785,2022-07-26
588,0.07899954169988632,3.9599016,0.28430486,2022-07-27
589,0.08955759555101395,3.9688861,0.3013817,2022-07-28
590,0.054090552031993866,3.9065032,0.19355462,2022-07-29
591,0.08090487867593765,3.9676125,0.28997576,2022-08-01
592,0.07469034194946289,3.9383144,0.27163017,2022-08-02
593,0.07849327474832535,3.9659367,0.28430325,2022-08-03
594,0.0783936083316803,3.9651213,0.279348,2022-08-04
595,0.06282312422990799,3.9411232,0.22538538,2022-08-05
596,0.07594946026802063,3.9714644,0.26450577,2022-08-08
597,0.08484984934329987,3.972645,0.30146343,2022-08-09
598,0.07955608516931534,3.9791567,0.27229425,2022-08-10
599,0.08076893538236618,3.9743977,0.27633694,2022-08-11
600,0.07457242161035538,3.9830117,0.25446227,2022-08-12
601,0.05247768759727478,3.9238856,0.18208344,2022-08-15
602,0.07605686783790588,3.9586422,0.29169577,2022-08-16
603,0.047567375004291534,3.8592408,0.17891648,2022-08-17
604,0.06522128731012344,3.9518244,0.23066188,2022-08-18
605,0.07782868295907974,3.9656277,0.28269425,2022-08-19
606,0.06500405818223953,3.9458747,0.23496425,2022-08-22
607,0.07408025115728378,3.9636025,0.27243468,2022-08-23
608,0.07518501579761505,3.9493954,0.288541,2022-08-24
609,0.0655105859041214,3.9177725,0.23871201,2022-08-25
610,0.06086691468954086,3.9051478,0.22913845,2022-08-26
611,0.06173045188188553,3.9071162,0.23390573,2022-08-29
612,0.057595640420913696,3.906672,0.20240213,2022-08-30
613,0.05659034475684166,3.9328566,0.19493324,2022-08-31
614,0.0549105703830719,3.9123623,0.19741434,2022-09-01
615,0.061956826597452164,3.8993926,0.21693899,2022-09-02
616,0.06556090712547302,3.959847,0.22238581,2022-09-06
617,0.04894182085990906,3.9531934,0.17251061,2022-09-07
618,0.05827523022890091,3.9397223,0.20164168,2022-09-08
619,0.060973796993494034,3.9148846,0.2171507,2022-09-09
620,0.053677547723054886,3.8827586,0.20296028,2022-09-12
621,0.03957315534353256,3.8198402,0.14883491,2022-09-13
622,0.055038630962371826,3.899421,0.21027768,2022-09-14
623,0.060195859521627426,3.913989,0.20843302,2022-09-15
624,0.03883807733654976,3.867864,0.13229223,2022-09-16
625,0.04814596101641655,3.9030101,0.17699596,2022-09-19
626,0.04553734511137009,3.868775,0.15453185,2022-09-20
627,0.04677889496088028,3.9173357,0.15838721,2022-09-21
628,0.03459896892309189,3.8401432,0.13856265,2022-09-22
629,0.03713015839457512,3.7926714,0.12942533,2022-09-23
630,0.044754207134246826,3.910943,0.15877879,2022-09-26
631,0.051737796515226364,3.9341547,0.18169418,2022-09-27
632,0.0498090423643589,3.9016674,0.17720537,2022-09-28
633,0.07471679151058197,3.9673579,0.25964552,2022-09-29
634,0.07683931291103363,3.9773169,0.27675995,2022-09-30
635,0.05899333953857422,3.9508553,0.20477204,2022-10-03
636,0.08213482797145844,3.9737213,0.27547386,2022-10-04
637,0.058231171220541,3.9222362,0.19809315,2022-10-05
638,0.06931066513061523,3.9529855,0.25355828,2022-10-06
639,0.06375646591186523,3.922055,0.23893999,2022-10-07
640,0.07673422992229462,3.9805038,0.26473463,2022-10-10
641,0.07286074012517929,3.9813662,0.25454602,2022-10-11
642,0.06564105302095413,3.95491,0.23374036,2022-10-12
643,0.07086379081010818,3.965998,0.25268272,2022-10-13
644,0.03475556522607803,3.85499,0.110856645,2022-10-14
645,0.05232478678226471,3.9738724,0.18900122,2022-10-17
646,0.07175934314727783,3.9484217,0.25063908,2022-10-18
647,0.07623013108968735,3.9586787,0.2590273,2022-10-19
648,0.05146180838346481,3.8952518,0.19951771,2022-10-20
649,0.09110087901353836,3.963336,0.3160266,2022-10-21
650,0.08070104569196701,3.965152,0.27130625,2022-10-24
651,0.08834099024534225,3.9752433,0.3019088,2022-10-25
652,0.08883731812238693,3.9734685,0.2987324,2022-10-26
653,0.08159980922937393,3.973882,0.279804,2022-10-27
654,0.07740094512701035,3.9772327,0.27261236,2022-10-28
655,0.09159965813159943,3.9708817,0.31090158,2022-10-31
656,0.07621464133262634,3.9662325,0.2687113,2022-11-01
657,0.0695495456457138,3.9716437,0.23169686,2022-11-02
658,0.07640600949525833,3.975863,0.2783369,2022-11-03
659,0.07259409129619598,3.9577303,0.25461027,2022-11-04
660,0.08743652701377869,3.963209,0.32050166,2022-11-07
661,0.05397208407521248,3.881748,0.19448903,2022-11-08
662,0.06524814665317535,3.9439125,0.22804233,2022-11-09
663,0.05835937708616257,3.912887,0.20711394,2022-11-10
664,0.07446570694446564,3.9574704,0.25651282,2022-11-11
665,0.0716649517416954,3.9658258,0.2456251,2022-11-14
666,0.07321415841579437,3.9795449,0.25155896,2022-11-15
667,0.06674641370773315,3.9437714,0.24655794,2022-11-16
668,0.07297930121421814,3.9405189,0.27540827,2022-11-17
669,0.0834721028804779,3.960699,0.3051884,2022-11-18
670,0.08986707776784897,3.9675012,0.30292985,2022-11-21
671,0.0885634496808052,3.9763331,0.30321276,2022-11-22
672,0.08517299592494965,3.9766061,0.29646945,2022-11-23
673,0.08772945404052734,3.9591236,0.29743952,2022-11-25
674,0.08773289620876312,3.97661,0.30330956,2022-11-28
675,0.08286193758249283,3.9772227,0.28883383,2022-11-29
676,0.08775601536035538,3.952978,0.3058486,2022-11-30
677,0.08587852120399475,3.977196,0.28697872,2022-12-01
678,0.08211690932512283,3.9780538,0.2827251,2022-12-02
679,0.08325058966875076,3.9750178,0.28470573,2022-12-05
680,0.07080327719449997,3.9663367,0.24953327,2022-12-06
681,0.08175274729728699,3.981991,0.29847205,2022-12-07
682,0.07881036400794983,3.9701297,0.26399562,2022-12-08
683,0.0802764818072319,3.963705,0.28080687,2022-12-09
684,0.07389771193265915,3.9757888,0.25867411,2022-12-12
685,0.08478954434394836,3.973383,0.28873527,2022-12-13
686,0.07590151578187943,3.9775615,0.25901294,2022-12-14
687,0.07926003634929657,3.9546418,0.27989742,2022-12-15
688,0.07025700062513351,3.9583974,0.25431547,2022-12-16
689,0.06853924691677094,3.9392128,0.26859158,2022-12-19
690,0.0911039412021637,3.9633324,0.31937835,2022-12-20
691,0.08092557638883591,3.9804707,0.27569485,2022-12-21
692,0.07814665883779526,3.9838321,0.26418242,2022-12-22
693,0.07219535112380981,3.979029,0.25714117,2022-12-23
694,0.08278943598270416,3.9792426,0.2826381,2022-12-27
695,0.07926850765943527,3.97798,0.27524617,2022-12-28
696,0.07733096927404404,3.977622,0.27103576,2022-12-29
697,0.09191697090864182,3.9585836,0.30623907,2022-12-30
698,0.07926710695028305,3.9794657,0.2736704,2023-01-03
699,0.07899454981088638,3.9253893,0.26639733,2023-01-04
700,0.0848902091383934,3.9596996,0.2835317,2023-01-05
701,0.08331429213285446,3.9565442,0.29139587,2023-01-06
702,0.0914311483502388,3.9477146,0.31369168,2023-01-09
703,0.0895131304860115,3.9581492,0.30096227,2023-01-10
704,0.08958946913480759,3.9705377,0.31374788,2023-01-11
705,0.09044966101646423,3.9718747,0.31656757,2023-01-12
706,0.09241154044866562,3.9572835,0.31465316,2023-01-13
707,0.08290962129831314,3.97984,0.27955076,2023-01-17
708,0.08120615780353546,3.9664,0.28164476,2023-01-18
709,0.07876420766115189,3.9721432,0.2792144,2023-01-19
710,0.08597823977470398,3.9723136,0.30726403,2023-01-20
711,0.07529088109731674,3.9629974,0.2648148,2023-01-23
712,0.09323973208665848,3.9688554,0.3245262,2023-01-24
713,0.08115958422422409,3.9628818,0.28734258,2023-01-25
714,0.0848977118730545,3.9674768,0.28381005,2023-01-26
715,0.0885576531291008,3.9779117,0.30146435,2023-01-27
716,0.08782342821359634,3.9686885,0.30474734,2023-01-30
717,0.09016977250576019,3.9707136,0.3031963,2023-01-31
718,0.09250815212726593,3.9578836,0.31504196,2023-02-01
719,0.08987133949995041,3.9721851,0.3110531,2023-02-02
720,0.08274523913860321,3.9750743,0.2802413,2023-02-03
721,0.07704932987689972,3.9818435,0.26360112,2023-02-06
722,0.0854521244764328,3.96877,0.3072029,2023-02-07
723,0.04246998578310013,3.8337097,0.14870828,2023-02-08
724,0.05361942946910858,3.886827,0.2112185,2023-02-09
725,0.03611352667212486,3.8057637,0.12960337,2023-02-10
726,0.043260619044303894,3.7812707,0.15617914,2023-02-13
727,0.03956383839249611,3.8645759,0.13600825,2023-02-14
728,0.038928039371967316,3.8207748,0.14318764,2023-02-15
729,0.05806802585721016,3.9296484,0.20159887,2023-02-16
730,0.030670201405882835,3.7060194,0.11369909,2023-02-17
731,0.04380547255277634,3.8669395,0.15363654,2023-02-21
732,0.037203554064035416,3.8365922,0.12724897,2023-02-22
733,0.057650573551654816,3.9308875,0.21993902,2023-02-23
734,0.0398782342672348,3.8086364,0.13835706,2023-02-24
735,0.06452200561761856,3.9456267,0.2248849,2023-02-27
736,0.06557045131921768,3.9757843,0.23895195,2023-02-28
737,0.06189250573515892,3.9480126,0.21789704,2023-03-01
738,0.07232113927602768,3.972092,0.24621406,2023-03-02
739,0.07678797096014023,3.973123,0.26987368,2023-03-03
740,0.07528521865606308,3.977599,0.26089013,2023-03-06
741,0.08092610538005829,3.9777868,0.28146505,2023-03-07
742,0.08236296474933624,3.9709406,0.31464988,2023-03-08
743,0.09459852427244186,3.9610312,0.31963482,2023-03-09
744,0.07350143045186996,3.9647257,0.278315,2023-03-10
745,0.0775996521115303,3.9826884,0.27377966,2023-03-13
746,0.057794373482465744,3.9325984,0.20790501,2023-03-14
747,0.08760090172290802,3.9756756,0.29847753,2023-03-15
748,0.06223469227552414,3.9610107,0.22604047,2023-03-16
749,0.07068736851215363,3.8740017,0.24410957,2023-03-17
750,0.06179133057594299,3.9544504,0.22346961,2023-03-20
751,0.0878065824508667,3.951106,0.30197158,2023-03-21
752,0.07150936126708984,3.973834,0.23459265,2023-03-22
753,0.07310491800308228,3.9686892,0.28038388,2023-03-23
754,0.08114300668239594,3.9751837,0.29987225,2023-03-24
755,0.0817527249455452,3.9606278,0.28795677,2023-03-27
756,0.06377247720956802,3.9432404,0.23874457,2023-03-28
757,0.07647153735160828,3.9475036,0.25985664,2023-03-29
758,0.08501475304365158,3.975284,0.28786057,2023-03-30
759,0.08024563640356064,3.9636805,0.27762637,2023-03-31
760,0.07856576144695282,3.9821098,0.27344647,2023-04-03
761,0.08122407644987106,3.962664,0.29168648,2023-04-04
762,0.06674438714981079,3.9392397,0.25406602,2023-04-05
763,0.07848532497882843,3.955727,0.28859425,2023-04-06
764,0.07023562490940094,3.9727263,0.23616794,2023-04-10
765,0.05811472609639168,3.9499507,0.21075259,2023-04-11
766,0.08429115265607834,3.9760544,0.28066078,2023-04-12
767,0.08103514462709427,3.9755938,0.28061798,2023-04-13
768,0.0694085955619812,3.9617915,0.25921977,2023-04-14
769,0.08517446368932724,3.9734275,0.29258162,2023-04-17
770,0.06357686221599579,3.9647233,0.21679671,2023-04-18
771,0.06638414412736893,3.9531617,0.24483767,2023-04-19
772,0.07806652784347534,3.977217,0.25763685,2023-04-20
773,0.04934167489409447,3.8962922,0.17369865,2023-04-21
774,0.08159448206424713,3.9779854,0.30277792,2023-04-24
775,0.08018946647644043,3.968347,0.2761435,2023-04-25
776,0.04323422908782959,3.878929,0.17088214,2023-04-26
777,0.08365514129400253,3.968898,0.30726314,2023-04-27
778,0.0799158364534378,3.9713786,0.2709888,2023-04-28
779,0.07795417308807373,3.9487066,0.2625424,2023-05-01
780,0.07096946239471436,3.9679062,0.25160748,2023-05-02
781,0.07241980731487274,3.9617474,0.27471337,2023-05-03
782,0.07409920543432236,3.9575665,0.2572947,2023-05-04
783,0.07345196604728699,3.9827404,0.2566891,2023-05-05
784,0.08415234833955765,3.9686022,0.29313904,2023-05-08
785,0.08343743532896042,3.9731221,0.2825199,2023-05-09
786,0.07480911910533905,3.9847279,0.26331,2023-05-10
787,0.07474631071090698,3.9779463,0.27647585,2023-05-11
788,0.08705619722604752,3.967132,0.29054686,2023-05-12
789,0.08063650131225586,3.977574,0.29223806,2023-05-15
790,0.07609786093235016,3.974815,0.2599499,2023-05-16
791,0.08357084542512894,3.9807394,0.29654357,2023-05-17
792,0.07453522831201553,3.9714425,0.23985718,2023-05-18
793,0.08525798469781876,3.9491186,0.29479128,2023-05-19
794,0.08897578716278076,3.970239,0.32206216,2023-05-22
795,0.0885874405503273,3.9592552,0.2968046,2023-05-23
796,0.08680873364210129,3.966062,0.31807956,2023-05-24
797,0.08664960414171219,3.9671507,0.3029785,2023-05-25
798,0.09641388803720474,3.9538178,0.32416746,2023-05-26
799,0.08988896012306213,3.9691775,0.30404693,2023-05-30
800,0.08670422434806824,3.963504,0.29702547,2023-05-31
801,0.0836426392197609,3.9537868,0.28738436,2023-06-01
802,0.07916442304849625,3.9489481,0.27364546,2023-06-02
803,0.08014626055955887,3.9219546,0.26865524,2023-06-05
804,0.09118770807981491,3.9679613,0.31950194,2023-06-06
805,0.08356352895498276,3.9677618,0.29963803,2023-06-07
806,0.08767811208963394,3.9154546,0.2961358,2023-06-08
807,0.08815725147724152,3.9551563,0.30840808,2023-06-09
808,0.0821579322218895,3.9221594,0.2772396,2023-06-12
809,0.07942647486925125,3.9835804,0.28047028,2023-06-13
810,0.08179725706577301,3.977022,0.27880284,2023-06-14
811,0.08679237961769104,3.9762502,0.30977646,2023-06-15
812,0.08331028372049332,3.959819,0.27891037,2023-06-16
813,0.0816093310713768,3.974937,0.2698548,2023-06-20
814,0.06741179525852203,3.9728312,0.23124476,2023-06-21
815,0.07132074981927872,3.9785838,0.24589472,2023-06-22
816,0.08748709410429001,3.9769473,0.30713743,2023-06-23
817,0.08282174170017242,3.9613209,0.30220002,2023-06-26
818,0.08215895295143127,3.9712172,0.29819706,2023-06-27
819,0.0831872820854187,3.9706585,0.28375635,2023-06-28
820,0.09484850615262985,3.9515398,0.32660687,2023-06-29
821,0.08414503186941147,3.974997,0.28303847,2023-06-30
822,0.08479101210832596,3.9341028,0.28521886,2023-07-03
823,0.0838809460401535,3.971539,0.29693824,2023-07-05
824,0.09341869503259659,3.9422567,0.31500137,2023-07-06
825,0.08577729016542435,3.9742591,0.3054209,2023-07-07
826,0.08335564285516739,3.9120605,0.28768116,2023-07-10
827,0.08682697266340256,3.9674053,0.29311037,2023-07-11
828,0.08830232173204422,3.9510639,0.2987157,2023-07-12
829,0.09191195666790009,3.968832,0.3240676,2023-07-13
830,0.0898435115814209,3.9547377,0.3021647,2023-07-14
831,0.08775204420089722,3.9455194,0.30750677,2023-07-17
832,0.08668599277734756,3.9773843,0.29471886,2023-07-18
833,0.08641895651817322,3.9644558,0.29263693,2023-07-19
834,0.08403273671865463,3.964596,0.2854791,2023-07-20
835,0.09273110330104828,3.9527142,0.31733122,2023-07-21
836,0.09228333830833435,3.9600453,0.31444117,2023-07-24
837,0.0869949460029602,3.9710639,0.2923415,2023-07-25
838,0.09015941619873047,3.975874,0.32202166,2023-07-26
839,0.08450162410736084,3.9582434,0.28834802,2023-07-27
840,0.08095506578683853,3.9039614,0.28264654,2023-07-28
841,0.08816633373498917,3.9288301,0.29695493,2023-07-31
842,0.08601728081703186,3.944051,0.28992197,2023-08-01
843,0.08311205357313156,3.9761927,0.28392905,2023-08-02
844,0.08052828162908554,3.95093,0.28252146,2023-08-03
845,0.08306416869163513,3.9083107,0.27757365,2023-08-04
846,0.08541172742843628,3.9685755,0.2982013,2023-08-07
847,0.08851344138383865,3.9503543,0.30955777,2023-08-08
848,0.08963963389396667,3.9344685,0.30999592,2023-08-09
849,0.09300780296325684,3.958781,0.32476467,2023-08-10
850,0.08826504647731781,3.95452,0.30480257,2023-08-11
851,0.08701176196336746,3.956574,0.30035743,2023-08-14
852,0.08115402609109879,3.9751601,0.27493566,2023-08-15
853,0.07012200355529785,3.9708178,0.24895495,2023-08-16
854,0.07825267314910889,3.9783869,0.27374804,2023-08-17
855,0.08328395336866379,3.9586544,0.29752454,2023-08-18
856,0.08402768522500992,3.9434,0.30312443,2023-08-21
857,0.08651735633611679,3.9258342,0.29095858,2023-08-22
858,0.08737600594758987,3.97178,0.32125375,2023-08-23
859,0.09623491019010544,3.9656181,0.33108786,2023-08-24
860,0.09375587850809097,3.9592237,0.32777953,2023-08-25
861,0.08570623397827148,3.97329,0.29445928,2023-08-28
862,0.09223306179046631,3.9553719,0.31748655,2023-08-29
863,0.09240759909152985,3.96088,0.31269047,2023-08-30
864,0.08938867598772049,3.9523215,0.30549046,2023-08-31
865,0.0841592326760292,3.9724631,0.29446384,2023-09-01
866,0.0827147588133812,3.9733348,0.2904916,2023-09-05
867,0.08550027012825012,3.9615176,0.31018814,2023-09-06
868,0.08813855797052383,3.97113,0.3108073,2023-09-07
869,0.08514204621315002,3.9446497,0.29102147,2023-09-08
870,0.08409329503774643,3.9705267,0.28848457,2023-09-11
871,0.07749324291944504,3.9395444,0.2735482,2023-09-12
872,0.0810447707772255,3.934216,0.27407336,2023-09-13
873,0.0825456902384758,3.9774323,0.2954259,2023-09-14
874,0.08618903160095215,3.918226,0.29751152,2023-09-15
875,0.08652790635824203,3.9755797,0.30799404,2023-09-18
876,0.07194304466247559,3.957632,0.24780917,2023-09-19
877,0.07288859784603119,3.9755812,0.25046447,2023-09-20
878,0.0775986909866333,3.9757073,0.2844079,2023-09-21
879,0.07844685018062592,3.9637566,0.2838911,2023-09-22
880,0.08645616471767426,3.9714367,0.31687444,2023-09-25
881,0.06687409430742264,3.9424965,0.24732332,2023-09-26
882,0.07561144232749939,3.968282,0.2676277,2023-09-27
883,0.08446715772151947,3.9763584,0.2922795,2023-09-28
884,0.08123581111431122,3.974305,0.2721825,2023-09-29
885,0.07152789831161499,3.9478028,0.26151747,2023-10-02
886,0.08589780330657959,3.9660146,0.2969438,2023-10-03
887,0.07341757416725159,3.950173,0.25647867,2023-10-04
888,0.08409116417169571,3.9635127,0.29148105,2023-10-05
889,0.07985402643680573,3.976421,0.26780194,2023-10-06
890,0.05475091561675072,3.9538095,0.19086447,2023-10-09
891,0.08116241544485092,3.9619634,0.28475556,2023-10-10
892,0.0813274011015892,3.8979375,0.27494705,2023-10-11
893,0.07056444883346558,3.975487,0.2710531,2023-10-12
894,0.08360018581151962,3.951179,0.30563608,2023-10-13
895,0.08583378791809082,3.9548478,0.29103643,2023-10-16
896,0.08280953764915466,3.9364161,0.28443196,2023-10-17
897,0.07208824902772903,3.957021,0.236371,2023-10-18
898,0.05625404417514801,3.960963,0.19598326,2023-10-19
899,0.08458267152309418,3.9684868,0.30425426,2023-10-20
900,0.0893435925245285,3.944953,0.3089949,2023-10-23
901,0.07394880801439285,3.9784715,0.2798673,2023-10-24
902,0.07527477294206619,3.8612177,0.2723041,2023-10-25
903,0.06877096742391586,3.835715,0.23860797,2023-10-26
904,0.07539484649896622,3.8982425,0.26783603,2023-10-27
905,0.08882376551628113,3.955979,0.31572908,2023-10-30
906,0.08780285716056824,3.932831,0.2952465,2023-10-31
907,0.07195807248353958,3.8557687,0.2402649,2023-11-01
908,0.08612290024757385,3.9605,0.29573444,2023-11-02
909,0.07029693573713303,3.8878248,0.24299142,2023-11-03
910,0.08490274101495743,3.9635894,0.28484786,2023-11-06
911,0.0848710834980011,3.9361775,0.30736935,2023-11-07
912,0.08288589864969254,3.8972154,0.29168898,2023-11-08
913,0.08463452756404877,3.9708662,0.2956242,2023-11-09
914,0.07446269690990448,3.9160528,0.2631512,2023-11-10
915,0.08282437175512314,3.9208388,0.2815816,2023-11-13
916,0.0831860676407814,3.9336817,0.2844071,2023-11-14
917,0.07873532921075821,3.958423,0.2515795,2023-11-15
918,0.05426156893372536,3.9635987,0.18754151,2023-11-16
919,0.06786423176527023,3.9772208,0.2351397,2023-11-17
920,0.07978226989507675,3.9229367,0.2690688,2023-11-20
921,0.07313437014818192,3.9764643,0.26707813,2023-11-21
922,0.07455676048994064,3.977598,0.2944541,2023-11-22
923,0.08873024582862854,3.9455874,0.2965076,2023-11-24
